	Url	Position
0	https://www.gofundme.com/anthonyborges	0
1	https://www.gofundme.com/kdafoos-cancer	0
2	https://www.gofundme.com/3ctqm-medical-bills-for-my-grandfather	0
3	https://www.gofundme.com/olivia-stoy-bone-marrow-transplant	1
4	https://www.gofundme.com/a-chance-of-rebirth	1
5	https://www.gofundme.com/autologous-Tcell-Transplant	1
6	https://www.gofundme.com/teamclaire	2
7	https://www.gofundme.com/hannas-emergency-cancer-surgery	2
8	https://www.gofundme.com/brayden-belden	2
9	https://www.gofundme.com/jacobburyrecovery	3
10	https://www.gofundme.com/Victoria-Gouletas-Westport	3
11	https://www.gofundme.com/fight-like-the-averys	3
12	https://www.gofundme.com/helpestherconquercancer	4
13	https://www.gofundme.com/please-help-the-robertson-family	4
14	https://www.gofundme.com/blake-rodgers-medical-fund	4
15	https://www.gofundme.com/ralucasmom	5
16	https://www.gofundme.com/justice-for-pedro-daniel-reyes	5
17	https://www.gofundme.com/greg-needs-a-new-right-foot	5
18	https://www.gofundme.com/abhijith039s-heart-transplant	6
19	https://www.gofundme.com/596hj8w	6
20	https://www.gofundme.com/lazer-family-fund	6
21	https://www.gofundme.com/coach-o	7
22	https://www.gofundme.com/sean-grismer-strong-sgstrong	7
23	https://www.gofundme.com/burn-victim-autumn-hamilton	7
24	https://www.gofundme.com/WeLoveJamesDuncan	8
25	https://www.gofundme.com/ella-whistler	8
26	https://www.gofundme.com/savekennethyoung	8
27	https://www.gofundme.com/Doug-Harris-CAR-T-Treatment	9
28	https://www.gofundme.com/treatmentforjaiden	9
29	https://www.gofundme.com/lougheed	9
30	https://www.gofundme.com/kristin-bozarths-heart-transplant	10
31	https://www.gofundme.com/emmett-lyman-medical-recovery-fund	10
32	https://www.gofundme.com/quotsend-itquot-for-pranathi-madhavarapu	10
33	https://www.gofundme.com/help-sienna-join-the-world	11
34	https://www.gofundme.com/pavi-zanki	11
35	https://www.gofundme.com/jim-mcdonald039s-recovery	11
36	https://www.gofundme.com/joy039s-breast-cancer-fight	12
37	https://www.gofundme.com/scott-and-jenn-harrington-fund	12
38	https://www.gofundme.com/helpblancamorell	12
39	https://www.gofundme.com/supportadriencosta	13
40	https://www.gofundme.com/kevindelaney	13
41	https://www.gofundme.com/ccu35y-help-with-financial-burdens	13
42	https://www.gofundme.com/hare-family-fund	14
43	https://www.gofundme.com/randy-capone-medical-expenses-fund	14
44	https://www.gofundme.com/xecze-winnie-yang039s-recovery-fund	14
45	https://www.gofundme.com/tiffanyfonohema	15
46	https://www.gofundme.com/step-up-for-angela	15
47	https://www.gofundme.com/tragic-accident-brendan-brock-and-family	15
48	https://www.gofundme.com/5sxpgu0	16
49	https://www.gofundme.com/esperanzahopeherrerafund	16
50	https://www.gofundme.com/dean-matsubayashi	16
51	https://www.gofundme.com/asmileforaddison	17
52	https://www.gofundme.com/nobforjasonseaman	17
53	https://www.gofundme.com/webb-family-emergency-fund	17
54	https://www.gofundme.com/seanwurtzel	18
55	https://www.gofundme.com/go-bo-go	18
56	https://www.gofundme.com/peter-and-marge	18
57	https://www.gofundme.com/medical-fund-for-richard-swift	19
58	https://www.gofundme.com/HelpJeremyFightALS	19
59	https://www.gofundme.com/chris-thalacker039s-life-with-als	19
60	https://www.gofundme.com/joe-gleeson-03986	20
61	https://www.gofundme.com/selman039s-liver-transplant	20
62	https://www.gofundme.com/vaughtvscancer	20
63	https://www.gofundme.com/franchi-family-support	21
64	https://www.gofundme.com/DianaGreshamCorpus	21
65	https://www.gofundme.com/team-rachelhope	21
66	https://www.gofundme.com/coles-fight-against-neuroblastoma	22
67	https://www.gofundme.com/sarah-dunn	22
68	https://www.gofundme.com/rob-ryan	22
69	https://www.gofundme.com/byron-baxter	23
70	https://www.gofundme.com/woolfisaacson-family-fund	23
71	https://www.gofundme.com/helpleenafightcancer	23
0	https://www.gofundme.com/ginamontalto	0
1	https://www.gofundme.com/remagen-family	0
2	https://www.gofundme.com/k97bf-justice-for-junior	0
3	https://www.gofundme.com/kevin-quinn-memorial-fund	1
4	https://www.gofundme.com/TotalBiscuit	1
5	https://www.gofundme.com/trinidad-family-tragedy-amp-support	1
6	https://www.gofundme.com/lifeislikearollercoaster	2
7	https://www.gofundme.com/benefit-for-the-family-of-cory-barr	2
8	https://www.gofundme.com/jennshushereba	2
9	https://www.gofundme.com/in-memory-of-mike-schambach	3
10	https://www.gofundme.com/inlovingmemoryofbobjeansjr	3
11	https://www.gofundme.com/sgt-clinton-cunningham-memorial	3
12	https://www.gofundme.com/for-the-family-of-jonathan-gold	4
13	https://www.gofundme.com/r94cjc-brian-hughes	4
14	https://www.gofundme.com/tristan-beaudette-family-fund	4
15	https://www.gofundme.com/support-for-ryan-macdonalds-family	5
16	https://www.gofundme.com/supportjackson15	5
17	https://www.gofundme.com/HowardCountyFlynnLODD	5
18	https://www.gofundme.com/the-richard-mar-memorial-fund	6
19	https://www.gofundme.com/hao-family	6
20	https://www.gofundme.com/Michael-Canniff	6
21	https://www.gofundme.com/paul-harris-memorial-fund	7
22	https://www.gofundme.com/anthony-mele	7
23	https://www.gofundme.com/vincent-altebrando	7
24	https://www.gofundme.com/meadowpollack	8
25	https://www.gofundme.com/cooke-family-tragedy	8
26	https://www.gofundme.com/steve-renke-memorial-fund	8
27	https://www.gofundme.com/officer-adam-jobbersmiller-fund	9
28	https://www.gofundme.com/napa-tragedy-momfrienddoctor	9
29	https://www.gofundme.com/york-fire-fighters-support-fund	9
30	https://www.gofundme.com/t4auh-tonyas-funeral-expenses	10
31	https://www.gofundme.com/miranda039s-going-home-service	10
32	https://www.gofundme.com/dan-amp-david-briel-funeral-fund	10
33	https://www.gofundme.com/raising-fund-for-jayaswal-family	11
34	https://www.gofundme.com/jorge-ortiz-home-going	11
35	https://www.gofundme.com/paulsanchezfamilywi	11
36	https://www.gofundme.com/supporting-hari-s-family	12
37	https://www.gofundme.com/princethomas	12
38	https://www.gofundme.com/5q52r0w	12
39	https://www.gofundme.com/help-support-srikanth039s-family	13
40	https://www.gofundme.com/mj4m8	13
41	https://www.gofundme.com/ari-avellino	13
42	https://www.gofundme.com/coleman-family-boat-accident	14
43	https://www.gofundme.com/timdeboom	14
44	https://www.gofundme.com/5sn7lmo	14
45	https://www.gofundme.com/miranda-cracraft-memorial-fund	15
46	https://www.gofundme.com/saket-singh-memorial-fund	15
47	https://www.gofundme.com/the-singleton-family	15
48	https://www.gofundme.com/help-the-anthony-s-house-family	16
49	https://www.gofundme.com/kayden039s-korner	16
50	https://www.gofundme.com/albert-yin-memorial-fund	16
51	https://www.gofundme.com/funeral-for-anand	17
52	https://www.gofundme.com/officer-joe-lomuscio-family-fund	17
53	https://www.gofundme.com/support-fund-for-joe-murphy-amp-sons	17
54	https://www.gofundme.com/brendonwhitney	18
55	https://www.gofundme.com/bereaving-inbaraj-vedasagayam	18
56	https://www.gofundme.com/garrett-mathiasmathias-family	18
57	https://www.gofundme.com/jessica-philip	19
58	https://www.gofundme.com/sgt-daniel-baker	19
59	https://www.gofundme.com/linda-zell-randall-memorial-fund	19
60	https://www.gofundme.com/in-memory-of-alex-hayden	20
61	https://www.gofundme.com/the-lydia-ghergis-memorial-fund	20
62	https://www.gofundme.com/Meghan-Ryan	20
63	https://www.gofundme.com/yakov-zilberstein-memorial-fund	21
64	https://www.gofundme.com/chad-merrill-funeral-fund-etc	21
65	https://www.gofundme.com/in-memory-of-james-colby	21
66	https://www.gofundme.com/emmasplan	22
67	https://www.gofundme.com/in-support-of-lisa-neeley	22
68	https://www.gofundme.com/in-loving-memory-of-john-xu	22
69	https://www.gofundme.com/nakj9-dawn039s-memorial-fund	23
70	https://www.gofundme.com/AlyssaLendino	23
71	https://www.gofundme.com/kate-sudano	23
0	https://www.gofundme.com/supporting-christian-broder	0
1	https://www.gofundme.com/hanaleihaena-flooding-fund	0
2	https://www.gofundme.com/supporting-the-paavola-family	0
3	https://www.gofundme.com/official-bigelow-family	1
4	https://www.gofundme.com/support-prudhvi-kanneganti-ampfamily	1
5	https://www.gofundme.com/lauren-amp-charles-lew	1
6	https://www.gofundme.com/greecewildfirerelief	2
7	https://www.gofundme.com/The-Arteaga-Family	2
8	https://www.gofundme.com/tcb-2018-carr-fire-fund	2
9	https://www.gofundme.com/support-for-shweta-and-shagun	3
10	https://www.gofundme.com/getwelljonschneppfundraiser	3
11	https://www.gofundme.com/stefanie-schaffer-and-family	3
12	https://www.gofundme.com/MallaReddyDuggirala	4
13	https://www.gofundme.com/jim-tidwell	4
14	https://www.gofundme.com/kcf-disaster-relief-fund	4
15	https://www.gofundme.com/support-for-ruchi-gupta-and-kids	5
16	https://www.gofundme.com/sabrinamurillo-fuerzasbri	5
17	https://www.gofundme.com/robert-guerrero	5
18	https://www.gofundme.com/shaffermemorial	6
19	https://www.gofundme.com/9nqyt-bring-bryce-back	6
20	https://www.gofundme.com/help-the-manteufel-family	6
21	https://www.gofundme.com/wolwark-tragedy	7
22	https://www.gofundme.com/eastpoint-fire-victim-relief-fund	7
23	https://www.gofundme.com/z3eeaq-this-family-needs-our-help	7
24	https://www.gofundme.com/nolan-sprague	8
25	https://www.gofundme.com/Help-Keep-Dario-Strong	8
26	https://www.gofundme.com/thatcher-markham-fundraiser	8
27	https://www.gofundme.com/in-memory-of-giang-ho	9
28	https://www.gofundme.com/brandon-c-brownfield	9
29	https://www.gofundme.com/nemanja-spasic-memorial-fund	9
30	https://www.gofundme.com/help-russell-amp-daryl	10
31	https://www.gofundme.com/warner-family-care-fund-austin-tx	10
32	https://www.gofundme.com/help-kara-gbs	10
33	https://www.gofundme.com/justice-for-nia-wilson	11
34	https://www.gofundme.com/bereavement-funds-for-braden-varney	11
35	https://www.gofundme.com/RiveraFamilyImpact	11
36	https://www.gofundme.com/support-sami-fagen	12
37	https://www.gofundme.com/family-of-jessica-reisinger	12
38	https://www.gofundme.com/kystie039s-best-defense	12
39	https://www.gofundme.com/duncan-kids-fund	13
40	https://www.gofundme.com/ed-bledsoe-and-family-lost-all	13
41	https://www.gofundme.com/holtfamilygofundme	13
42	https://www.gofundme.com/support-for-nick-kauls	14
43	https://www.gofundme.com/support-gillaspie-family	14
44	https://www.gofundme.com/in-memory-of-rajkiran-gottipati	14
45	https://www.gofundme.com/982pa-bring-alex-home	15
46	https://www.gofundme.com/jon-lange-shooting-victim-support	15
47	https://www.gofundme.com/anthony039s-emergency-surgery-help	15
48	https://www.gofundme.com/nicks-road-to-rehabilitation	16
49	https://www.gofundme.com/Hawaiinaturaldisastersrelief	16
50	https://www.gofundme.com/7unsed-support-the-green-family	16
51	https://www.gofundme.com/help-our-downed-officer-and-his-fam	17
52	https://www.gofundme.com/please-help-the-wysocki-family	17
53	https://www.gofundme.com/support-family-of-jinu-joseph	17
54	https://www.gofundme.com/help-amber-rebuild	18
55	https://www.gofundme.com/JasonJohnsonForever41	18
56	https://www.gofundme.com/help-ivan-galarza	18
57	https://www.gofundme.com/help-officer-basurto-and-his-family	19
58	https://www.gofundme.com/24dvh5h8	19
59	https://www.gofundme.com/support-al-gury	19
60	https://www.gofundme.com/bv5cn-justice-for-aaron	20
61	https://www.gofundme.com/martinez-family-support	20
62	https://www.gofundme.com/f82p95-help-the-hernandez-family	20
63	https://www.gofundme.com/LMFWater	21
64	https://www.gofundme.com/help-cash-young	21
65	https://www.gofundme.com/will-will-walk	21
66	https://www.gofundme.com/cqwag-unforeseen-medical-expenses	22
67	https://www.gofundme.com/sierra-dani-pedroza-recovery-fund	22
68	https://www.gofundme.com/dashboard-tykce-child-care-share	22
69	https://www.gofundme.com/ericsolomonmedicalemergency	23
70	https://www.gofundme.com/kainth-family-fire-tragedy	23
71	https://www.gofundme.com/julien-recovery-and-home-plan	23
0	https://www.gofundme.com/savingcarter	0
1	https://www.gofundme.com/stfe54-yemen-is-starving	0
2	https://www.gofundme.com/kaitlyn-lally-memorial-fundraiser	0
3	https://www.gofundme.com/ofc-kevin-valencia-wounded-hero	1
4	https://www.gofundme.com/OrangeRibbonsForJaime	1
5	https://www.gofundme.com/EHRvetbillhelp	1
6	https://www.gofundme.com/show-love-fight-hunger	2
7	https://www.gofundme.com/scott-beigel-memorial-fund	2
8	https://www.gofundme.com/changetheref	2
9	https://www.gofundme.com/riley-rutenberg-charity	3
10	https://www.gofundme.com/human-rights-defenders	3
11	https://www.gofundme.com/holistic-learning-sanctuary	3
12	https://www.gofundme.com/shine-msd	4
13	https://www.gofundme.com/humanitarian-respite-center	4
14	https://www.gofundme.com/SaveChildrenInSyria	4
15	https://www.gofundme.com/TransPrideSeattle2018	5
16	https://www.gofundme.com/livingplanetaquarium	5
17	https://www.gofundme.com/support-paramus-east-brook-families	5
18	https://www.gofundme.com/goafencefund	6
19	https://www.gofundme.com/ScreenJunkiesWomenInFilm	6
20	https://www.gofundme.com/Dominion-GoAllIn	6
21	https://www.gofundme.com/liamslunchesoflove	7
22	https://www.gofundme.com/sockit2huntersyndrome	7
23	https://www.gofundme.com/the-leo-project	7
24	https://www.gofundme.com/helplbf	8
25	https://www.gofundme.com/mejar-singh-kamalpur-sangrur	8
26	https://www.gofundme.com/grace-cancer-screening-bus	8
27	https://www.gofundme.com/purdjq-defend-communication-rights	9
28	https://www.gofundme.com/brittany-k-boegel-giving-fund	9
29	https://www.gofundme.com/rememberingsean	9
30	https://www.gofundme.com/ebadur-rahman-islamic-center	10
31	https://www.gofundme.com/chris-wilcox-reel-2-real-foundatio	10
32	https://www.gofundme.com/az-exotic-bird-rescue-aviaries	10
33	https://www.gofundme.com/march-for-our-lives-nashville	11
34	https://www.gofundme.com/thescootyfund	11
35	https://www.gofundme.com/we-stand-together-with-igal	11
36	https://www.gofundme.com/bendidgo3-0	12
37	https://www.gofundme.com/mtanewhome	12
38	https://www.gofundme.com/jamal-foundation	12
39	https://www.gofundme.com/18forJoaquinOliver	13
40	https://www.gofundme.com/cm625-water	13
41	https://www.gofundme.com/2018-a-shot-for-life-challenge	13
42	https://www.gofundme.com/swimcatalinaforleukemia	14
43	https://www.gofundme.com/Adrienne-sBdayWish	14
44	https://www.gofundme.com/vimal-gopal	14
45	https://www.gofundme.com/support-msd-shooting-victims039-fund	15
46	https://www.gofundme.com/selinamemorialfund	15
47	https://www.gofundme.com/oncue-related-charities	15
48	https://www.gofundme.com/577vdeg	16
49	https://www.gofundme.com/statement-arts-college-prep-2018	16
50	https://www.gofundme.com/www-vtfsc-com	16
51	https://www.gofundme.com/fox-river-trolley-museum	17
52	https://www.gofundme.com/austin-rowing-club-replace-boats	17
53	https://www.gofundme.com/roi-festival	17
54	https://www.gofundme.com/immigrant-legal-defense-fund	18
55	https://www.gofundme.com/the-mitchell-chang-foundation	18
56	https://www.gofundme.com/30yearsofscarecrow	18
57	https://www.gofundme.com/chesedfund	19
58	https://www.gofundme.com/crisis-text-line-fundraiser	19
59	https://www.gofundme.com/nicholas-lombardi-memorial-fund	19
60	https://www.gofundme.com/bringing-inner-peace-to-the-streets	20
61	https://www.gofundme.com/ccs-showers	20
62	https://www.gofundme.com/patrol-officer-vu-nguyen-memorial	20
63	https://www.gofundme.com/-i-believe-you	21
64	https://www.gofundme.com/chandlerlangloisscholarshipfund	21
65	https://www.gofundme.com/skateqilya-summer-camp-2018	21
66	https://www.gofundme.com/flyhightycho	22
67	https://www.gofundme.com/EnesKanterWildFireFund	22
68	https://www.gofundme.com/davidlebow	22
69	https://www.gofundme.com/mary-bird-perkins-cancer-center	23
70	https://www.gofundme.com/morning-sun-mindfulness-center	23
71	https://www.gofundme.com/safeschoolsforalex	23
0	https://www.gofundme.com/loving-memory-of-ernesto-magallon	0
1	https://www.gofundme.com/SamiHamade	0
2	https://www.gofundme.com/JaimesGirls	0
3	https://www.gofundme.com/8wxzy-rebuilding-our-school	1
4	https://www.gofundme.com/russell-is-going-to-baylor	1
5	https://www.gofundme.com/lucas-justiniano-education-fund	1
6	https://www.gofundme.com/for-039kaity-girl039	2
7	https://www.gofundme.com/calder-education-fund	2
8	https://www.gofundme.com/carl-thomas-korpi-scholarship-fund	2
9	https://www.gofundme.com/ccfdcamelo	3
10	https://www.gofundme.com/help-save-the-la-503-friends-of	3
11	https://www.gofundme.com/kyra-chan-scholarship-fund	3
12	https://www.gofundme.com/help-brent-get-a-new-shop	4
13	https://www.gofundme.com/venky-venkatesan-memorial-fund	4
14	https://www.gofundme.com/br2jpn	4
15	https://www.gofundme.com/isaac-amp-eddie-tipping-college-fund	5
16	https://www.gofundme.com/fundraiser-for-mike-paukstis	5
17	https://www.gofundme.com/goudie-education-fund	5
18	https://www.gofundme.com/help-save-st-edwards	6
19	https://www.gofundme.com/he039s-headed-to-harvard	6
20	https://www.gofundme.com/the-byron-womack-scholarship-fund	6
21	https://www.gofundme.com/michael-brand-family-fund	7
22	https://www.gofundme.com/cadowcollegefund	7
23	https://www.gofundme.com/wenhui-shen-education-fund	7
24	https://www.gofundme.com/om-amp-taara039s-educational-fund	8
25	https://www.gofundme.com/ella-and-noah-college-fund	8
26	https://www.gofundme.com/school-fund-for-kai-and-lukas	8
27	https://www.gofundme.com/brian-stones-legacy-fund	9
28	https://www.gofundme.com/5fgoozs	9
29	https://www.gofundme.com/mjbrogan	9
30	https://www.gofundme.com/in-memory-of-sri-raghav-bhattar	10
31	https://www.gofundme.com/treehouse-in-memory-of-jim-barton	10
32	https://www.gofundme.com/mitiku	10
33	https://www.gofundme.com/OLA-Teachers	11
34	https://www.gofundme.com/brian-fritts-memorial-fund	11
35	https://www.gofundme.com/anderson-girlscollegefund	11
36	https://www.gofundme.com/zach-adams-education-fund	12
37	https://www.gofundme.com/sepp-education-fund	12
38	https://www.gofundme.com/paul-harris-memorial	12
39	https://www.gofundme.com/pazchildrenfund	13
40	https://www.gofundme.com/st-anthony-academy-save-our-school	13
41	https://www.gofundme.com/dutton-children-education-fund	13
42	https://www.gofundme.com/560cga0	14
43	https://www.gofundme.com/2ug2h9-anbarasi039s-child-education-support	14
44	https://www.gofundme.com/the-brady-conlin-education-trust	14
45	https://www.gofundme.com/jake-grivas-college-fund	15
46	https://www.gofundme.com/cannizzaro-children-education-fund	15
47	https://www.gofundme.com/patrickcoreym2018	15
48	https://www.gofundme.com/chris-morgen-educational-fund	16
49	https://www.gofundme.com/joe-ledesma-memorial-fund	16
50	https://www.gofundme.com/nickdelapava	16
51	https://www.gofundme.com/kirk-boys-college-fund	17
52	https://www.gofundme.com/wevegotyourback-backpackdrive	17
53	https://www.gofundme.com/cfhe2-eric-thomas	17
54	https://www.gofundme.com/59vd3g0	18
55	https://www.gofundme.com/reading-with-rebecca	18
56	https://www.gofundme.com/priya-nagar-md-foundation	18
57	https://www.gofundme.com/education-fund-for-phoenix-cardwell	19
58	https://www.gofundme.com/lion-pride-scholarship	19
59	https://www.gofundme.com/brinson-kids-education-fund	19
60	https://www.gofundme.com/save-lutfis-degree	20
61	https://www.gofundme.com/pacificpoint2018	20
62	https://www.gofundme.com/kevin039s-13-year-commitment	20
63	https://www.gofundme.com/get-garang-to-emory	21
64	https://www.gofundme.com/emily-and-evelyns-future	21
65	https://www.gofundme.com/sponsorkaihan	21
66	https://www.gofundme.com/gcnstheannamengualplayground	22
67	https://www.gofundme.com/john-peterson-memorial-fund	22
68	https://www.gofundme.com/Katie-Witzell-Education-Fund	22
69	https://www.gofundme.com/education-fund-for-maureen-campbell	23
70	https://www.gofundme.com/sophisgift	23
71	https://www.gofundme.com/african-literacy-project-2018	23
0	https://www.gofundme.com/peterstrzok	0
1	https://www.gofundme.com/jarrod-lyles-girls	0
2	https://www.gofundme.com/jim-tidwell	0
3	https://www.gofundme.com/send-jordan-from-rouses-to-school	1
4	https://www.gofundme.com/kevin-hertzog	1
5	https://www.gofundme.com/my-addys-hearing-aids	1
6	https://www.gofundme.com/nycgoodsamiritan	2
7	https://www.gofundme.com/help-philip-get-kidney-surgery	2
8	https://www.gofundme.com/help-gregory-powell-fight-cancer	2
9	https://www.gofundme.com/help-us-coach-ultimate-in-ahmedabad-2unjt2x6	3
0	https://www.gofundme.com/waam-radio-fm-transmitter	0
1	https://www.gofundme.com/downtown-yarns-for-the-future	0
2	https://www.gofundme.com/protect-our-independent-bookstore	0
3	https://www.gofundme.com/savejhu	1
4	https://www.gofundme.com/save-the-1940-roast-grill-raleigh	1
5	https://www.gofundme.com/9nhbh4-save-byws	1
6	https://www.gofundme.com/help-miss-fit	2
7	https://www.gofundme.com/DiversityInTech	2
8	https://www.gofundme.com/EOSvotingportal	2
9	https://www.gofundme.com/savethetradingpost	3
10	https://www.gofundme.com/help-save-apex-louisville	3
11	https://www.gofundme.com/astipatio	3
12	https://www.gofundme.com/baology-A-Year-of-Brick-Walls	4
13	https://www.gofundme.com/saved-rounds	4
14	https://www.gofundme.com/saving-checkmate	4
15	https://www.gofundme.com/help-rebuild-mercer-st-dance-hall	5
16	https://www.gofundme.com/invest-in-wimpy039s-marina-cafe	5
17	https://www.gofundme.com/travisdreamsofhoneybees	5
18	https://www.gofundme.com/looopclothing	6
19	https://www.gofundme.com/nwkwum-save-the-bear-trap	6
20	https://www.gofundme.com/marco-the-theraputic-robot	6
21	https://www.gofundme.com/supportsprout	7
22	https://www.gofundme.com/america-first-media-investigations	7
23	https://www.gofundme.com/save-a-made-usa-institution	7
24	https://www.gofundme.com/Revolutionariotacos	8
25	https://www.gofundme.com/save-twin-cities-leather-amp-latte	8
26	https://www.gofundme.com/help-wastenot-go-electric	8
27	https://www.gofundme.com/bookman-on-the-move	9
28	https://www.gofundme.com/brewinguphope	9
29	https://www.gofundme.com/kela-tennis-bubble-restoration	9
30	https://www.gofundme.com/lomar-barnrevival	10
31	https://www.gofundme.com/refugeefamilyhelp	10
32	https://www.gofundme.com/pollpit	10
33	https://www.gofundme.com/homestreethomecafe	11
34	https://www.gofundme.com/themugfordeatery	11
35	https://www.gofundme.com/let039s-get-pizza-night-back	11
36	https://www.gofundme.com/get-vegan-van-back-on-the-road	12
37	https://www.gofundme.com/help-kevin-and-g-deep-blue	12
38	https://www.gofundme.com/lisette-melendez-today	12
39	https://www.gofundme.com/danielle039s-dream-project	13
40	https://www.gofundme.com/chopshopatl	13
41	https://www.gofundme.com/dr-belfiore-needs-our-help	13
42	https://www.gofundme.com/live-co-coffee	14
43	https://www.gofundme.com/saverecordstoreday	14
44	https://www.gofundme.com/lawn-equipment-stolen	14
45	https://www.gofundme.com/THEWEEDTUBE	15
46	https://www.gofundme.com/our-troops-services	15
47	https://www.gofundme.com/put-the-well-in-wellstone-farm	15
48	https://www.gofundme.com/support-mc-chris	16
49	https://www.gofundme.com/rafter039s-tavern	16
50	https://www.gofundme.com/loveforaimeslove	16
51	https://www.gofundme.com/love-yaynay	17
52	https://www.gofundme.com/MandelaGrocery	17
53	https://www.gofundme.com/chkafundraiser1	17
54	https://www.gofundme.com/help-finish-my-workshop	18
55	https://www.gofundme.com/savethepbb	18
56	https://www.gofundme.com/coopergilbert	18
57	https://www.gofundme.com/CarcosaClub	19
58	https://www.gofundme.com/thecookandthecarpenterbakeshop	19
59	https://www.gofundme.com/fledging-crow-needs-a-van	19
60	https://www.gofundme.com/the-birth-center-needs-your-help	20
61	https://www.gofundme.com/Bone-InKitchen	20
62	https://www.gofundme.com/keep-a-small-town-newspaper-alive	20
63	https://www.gofundme.com/sucasa-ellicottcity	21
64	https://www.gofundme.com/save-the-mahoning-marquee	21
65	https://www.gofundme.com/moshood	21
66	https://www.gofundme.com/rolling-truck-disaster-fund	22
67	https://www.gofundme.com/an-engine-to-keep-us-baking-pizza	22
68	https://www.gofundme.com/keep-dos-tiburones-afloat	22
69	https://www.gofundme.com/rosie039s-wild-flour	23
70	https://www.gofundme.com/ramblin-rose-hat-co	23
71	https://www.gofundme.com/investacure-pbc	23
0	https://www.gofundme.com/8psm8-march-for-our-lives	0
1	https://www.gofundme.com/houses4rohingya	0
2	https://www.gofundme.com/michael-caputo-legal-fund	0
3	https://www.gofundme.com/help-the-waffle-house-hero	1
4	https://www.gofundme.com/msdstudentsfund	1
5	https://www.gofundme.com/saveourneighborhood	1
6	https://www.gofundme.com/cleve-williams-basalt-firefighter	2
7	https://www.gofundme.com/contribution-fund-for-gary-douglas	2
8	https://www.gofundme.com/whitaker-family-support	2
9	https://www.gofundme.com/puuhonuaopuna	3
10	https://www.gofundme.com/memphis-budget-replenishment	3
11	https://www.gofundme.com/support-stoughton-families	3
12	https://www.gofundme.com/leave-it-better-than-you-found-it	4
13	https://www.gofundme.com/lake-nacimiento-save-the-dragon	4
14	https://www.gofundme.com/gk9rj-aid-for-families-affected-by-raid	4
15	https://www.gofundme.com/reggie-boyz-lawn-service	5
16	https://www.gofundme.com/march-for-our-lives-seattle	5
17	https://www.gofundme.com/dries-family-support-fund	5
18	https://www.gofundme.com/supportarmando	6
19	https://www.gofundme.com/support-fallen-afghan-journalists	6
20	https://www.gofundme.com/supporting-pablo-and-his-family	6
21	https://www.gofundme.com/EdHome	7
22	https://www.gofundme.com/mrstevedelrey	7
23	https://www.gofundme.com/tightshift	7
24	https://www.gofundme.com/Nantucket-Tipping-Point	8
25	https://www.gofundme.com/squatchy039s-bbq-rebuild-campaign	8
26	https://www.gofundme.com/HelpLosAlamitos	8
27	https://www.gofundme.com/keep-this-great-family-together	9
28	https://www.gofundme.com/marin-city-summer-camp-for-kids	9
29	https://www.gofundme.com/river-amp-wilder-ketterer	9
30	https://www.gofundme.com/let039s-take-care-of-all-oc-kids	10
31	https://www.gofundme.com/mfolparkland	10
32	https://www.gofundme.com/supportforcara	10
33	https://www.gofundme.com/savememphisart	11
34	https://www.gofundme.com/Hermitagef-bfamily	11
35	https://www.gofundme.com/8sest-the-webb-family	11
36	https://www.gofundme.com/help-us-keep-estefania	12
37	https://www.gofundme.com/bob-vassar-donation-fund	12
38	https://www.gofundme.com/x8qwtf-kennys-funeral	12
39	https://www.gofundme.com/once-somerville	13
40	https://www.gofundme.com/wehavestories	13
41	https://www.gofundme.com/friends-of-the-twomey-family	13
42	https://www.gofundme.com/rolfes-campaign	14
43	https://www.gofundme.com/ms-davidson	14
44	https://www.gofundme.com/ted-brennan-paying-it-forward	14
45	https://www.gofundme.com/20percentcounts	15
46	https://www.gofundme.com/help-colonel-mike-from-homelessness	15
47	https://www.gofundme.com/frasierfirefund	15
48	https://www.gofundme.com/design-build-community-kitchen	16
49	https://www.gofundme.com/ashton-boyer-englewood-fl	16
50	https://www.gofundme.com/a-community-barn-raising	16
51	https://www.gofundme.com/hanalei-bay-resort-associate-relief	17
52	https://www.gofundme.com/buffalo-mountain-fire-appreciation	17
53	https://www.gofundme.com/andre-magali	17
54	https://www.gofundme.com/59idezs	18
55	https://www.gofundme.com/heatherscullion	18
56	https://www.gofundme.com/xaajdf-kings-bay-plowshares-support-fund	18
57	https://www.gofundme.com/pracadecascais	19
58	https://www.gofundme.com/2018-july-4th-fireworks-celebration	19
59	https://www.gofundme.com/Fallen-heroes106RQW	19
60	https://www.gofundme.com/stroheckers	20
61	https://www.gofundme.com/support-for-coach-pete	20
62	https://www.gofundme.com/phxmarchforlives	20
63	https://www.gofundme.com/josephine-the-tumor-warrior	21
64	https://www.gofundme.com/floridalei	21
65	https://www.gofundme.com/Easterson	21
66	https://www.gofundme.com/billie-mcgruder-house-fund	22
67	https://www.gofundme.com/border-detention-ctr-child-advocacy	22
68	https://www.gofundme.com/new-working-dog-for-curt-martinez	22
69	https://www.gofundme.com/love-amp-support-for-carla-amp-family	23
70	https://www.gofundme.com/two-single-sisters	23
71	https://www.gofundme.com/pr-rebuild-ca-student-trip	23
0	https://www.gofundme.com/Project212JourneytoHouston	0
1	https://www.gofundme.com/michaelaspageantjourney	0
2	https://www.gofundme.com/help-twisters-follow-their-dream	0
3	https://www.gofundme.com/alaska-allstar-14u-t2	1
4	https://www.gofundme.com/jskmotoco	1
5	https://www.gofundme.com/team-traveling-to-nationals	1
6	https://www.gofundme.com/bmk-silver-showcase-for-aclu	2
7	https://www.gofundme.com/send-ben-to-germany-for-bach	2
8	https://www.gofundme.com/our-odyssey-team-needs-your-help	2
9	https://www.gofundme.com/normnelsoncannonball18	3
10	https://www.gofundme.com/delaney-young-riders-2018	3
11	https://www.gofundme.com/island-school-mock-trial-2018	3
12	https://www.gofundme.com/future-inventors	4
13	https://www.gofundme.com/5p6e5ns	4
14	https://www.gofundme.com/clifton-softball-trip-to-mass	4
15	https://www.gofundme.com/dragon-scales-travelalbum-fund	5
16	https://www.gofundme.com/help-off-broadway-dancers	5
17	https://www.gofundme.com/v4hjr-help-us-get-to-tennessee	5
18	https://www.gofundme.com/glebe-odyssey-world-finals-trip	6
19	https://www.gofundme.com/send-goff-scioly-team-to-colorado	6
20	https://www.gofundme.com/hsfloridamocktrialchamps	6
21	https://www.gofundme.com/help-ucsd-mocktrial-go-to-nationals	7
22	https://www.gofundme.com/sendjay2play	7
23	https://www.gofundme.com/help-the-party-potatoes-go-to-tn	7
24	https://www.gofundme.com/ThinkTankNaples2018	8
25	https://www.gofundme.com/GOODonate	8
26	https://www.gofundme.com/acme-robotics-worlds-trip	8
27	https://www.gofundme.com/x6z8fm-helping-an-old-friend	9
28	https://www.gofundme.com/hy2ece-odyssey-of-the-mind-world-finals	9
29	https://www.gofundme.com/kieren-dreams-of-pageants	9
30	https://www.gofundme.com/eyzzm-la-nationals	10
31	https://www.gofundme.com/help-get-rita-to-world-championship	10
32	https://www.gofundme.com/asds-dance-team	10
33	https://www.gofundme.com/charnellformissblackamerica2018	11
34	https://www.gofundme.com/SendPeyton	11
35	https://www.gofundme.com/sendStuyPulsetoChamps	11
36	https://www.gofundme.com/allnight-yahtzee-go-to-finals	12
37	https://www.gofundme.com/send-watertown-di-to-global-finals	12
38	https://www.gofundme.com/competition-civics-nationals-2018	12
39	https://www.gofundme.com/laurens-taekwondo-journey	13
40	https://www.gofundme.com/international-travel-fund	13
41	https://www.gofundme.com/us-sr-amateur	13
42	https://www.gofundme.com/world-cup-barcelona-2018	14
43	https://www.gofundme.com/sonic-boom-robotics	14
44	https://www.gofundme.com/supportteamilahi	14
45	https://www.gofundme.com/rkspeechblkmke	15
46	https://www.gofundme.com/bshs-odyssey-2018	15
47	https://www.gofundme.com/stab2018	15
48	https://www.gofundme.com/victoriav-to-womens-world-hot-air-balloon-2018	16
49	https://www.gofundme.com/mary-ruth-world-equestrian-games	16
50	https://www.gofundme.com/ypfrdp-the-road-to-nationals	16
51	https://www.gofundme.com/luis-david-y-el-sueno-de-mama	17
52	https://www.gofundme.com/support-wayland-wildcats-6090	17
53	https://www.gofundme.com/klm-cheerleaders-road-to-nationals	17
54	https://www.gofundme.com/DreadbotsTeam3656	18
55	https://www.gofundme.com/help-lhms-get-to-ootm-world-finals	18
56	https://www.gofundme.com/tina-burner-miss-comedy-queen-2018	18
57	https://www.gofundme.com/ms-woman-california	19
58	https://www.gofundme.com/kentucky-three-day-event-fundraiser	19
59	https://www.gofundme.com/rooseveltyouthtrack	19
60	https://www.gofundme.com/jake-davidson-junior-olympics	20
61	https://www.gofundme.com/juliana039s-ntl-invention-convention	20
62	https://www.gofundme.com/SCFRegionalsTeam	20
63	https://www.gofundme.com/royal-outlawz-virginia-trip	21
64	https://www.gofundme.com/swarm-957-to-world-championships	21
65	https://www.gofundme.com/Fantom-234	21
66	https://www.gofundme.com/bboypiccolo	22
67	https://www.gofundme.com/hrs-for-breast-cancer	22
68	https://www.gofundme.com/scvcacaopen	22
69	https://www.gofundme.com/sa6xr7-national-american-miss-pageant	23
70	https://www.gofundme.com/honey-bee-rescue-project	23
71	https://www.gofundme.com/northview-odyssey-world-finals	23
0	https://www.gofundme.com/roevwademovie	0
1	https://www.gofundme.com/urbandeath	0
2	https://www.gofundme.com/dot-goes-to-burningman	0
3	https://www.gofundme.com/gerald-obah-danceworks-legacy	1
4	https://www.gofundme.com/dummycrats	1
5	https://www.gofundme.com/strangeroutofyou	1
6	https://www.gofundme.com/simonsonlegacyproject	2
7	https://www.gofundme.com/big-bend-blues-society-bbc-fund	2
8	https://www.gofundme.com/31daysinmay	2
9	https://www.gofundme.com/b2ec7n-a-chance-to-give-back	3
10	https://www.gofundme.com/thestonefoxesgearfund	3
11	https://www.gofundme.com/help-fred-amp-paul-save-the-universe	3
12	https://www.gofundme.com/jordan-lovelace-relief-fund	4
13	https://www.gofundme.com/RHINOMan	4
14	https://www.gofundme.com/michael-nigo-poor-people039s-campaign	4
15	https://www.gofundme.com/new-orleans-suspects-stolen-gear	5
16	https://www.gofundme.com/shuktarafilm	5
17	https://www.gofundme.com/save-the-goss-opera-house	5
18	https://www.gofundme.com/struggleing-fyc	6
19	https://www.gofundme.com/the-world-united-in-song	6
20	https://www.gofundme.com/jenfellman	6
21	https://www.gofundme.com/boogiezoneforever	7
22	https://www.gofundme.com/sendouroaklandscholarstocuba	7
23	https://www.gofundme.com/save-kals-robots	7
24	https://www.gofundme.com/AgneGChristmasAlbum	8
25	https://www.gofundme.com/mayoredlee	8
26	https://www.gofundme.com/s7c7t7-homewrecker	8
27	https://www.gofundme.com/dayshell-album-3	9
28	https://www.gofundme.com/music-army-let039s-pass-the-mma	9
29	https://www.gofundme.com/arielmirandafatepilot	9
30	https://www.gofundme.com/Lodestar-at-Burning-Man	10
31	https://www.gofundme.com/claireholley	10
32	https://www.gofundme.com/technogecko	10
33	https://www.gofundme.com/new-york-bojaira-album-project	11
34	https://www.gofundme.com/centerstagebuilding	11
35	https://www.gofundme.com/the-frozen-film	11
36	https://www.gofundme.com/tpvqcc	12
37	https://www.gofundme.com/1st-family-musical-about-disability	12
38	https://www.gofundme.com/publishing-the-divine-feminine	12
39	https://www.gofundme.com/avondalenewalbum	13
40	https://www.gofundme.com/montyfilm	13
41	https://www.gofundme.com/eternalharvestfilm	13
42	https://www.gofundme.com/lauraandandrew	14
43	https://www.gofundme.com/firstresponsecom	14
44	https://www.gofundme.com/david-z-fund	14
45	https://www.gofundme.com/mothersmilkthefilm	15
46	https://www.gofundme.com/bring-lee-hildebrand-home	15
47	https://www.gofundme.com/an-artist-survives-but-needs-help	15
48	https://www.gofundme.com/theavenueblackbox	16
49	https://www.gofundme.com/huggzilla-mv	16
50	https://www.gofundme.com/bodyman	16
51	https://www.gofundme.com/5hin5dc	17
52	https://www.gofundme.com/stolen-naughty-professor-tour-van	17
53	https://www.gofundme.com/the-gunfighter-meets-his-match	17
54	https://www.gofundme.com/support-the-third-act-project	18
55	https://www.gofundme.com/5fj35ww	18
56	https://www.gofundme.com/taylorlondon	18
57	https://www.gofundme.com/power-of-deaf-girls-in-zimbabwe	19
58	https://www.gofundme.com/silver-lining-ceramics-new-studio	19
59	https://www.gofundme.com/adonis-complex	19
60	https://www.gofundme.com/new-camera-lights-video-series	20
61	https://www.gofundme.com/p7pam4-less-heat-in-arizona	20
62	https://www.gofundme.com/mother039s-day-movie-wish	20
63	https://www.gofundme.com/columbus-community-pride-2018	21
64	https://www.gofundme.com/bonfire-media	21
65	https://www.gofundme.com/quotsully-a-generals-decisionquot-film	21
66	https://www.gofundme.com/packerawfyclub	22
67	https://www.gofundme.com/donnsdepotdoc	22
68	https://www.gofundme.com/vqdygf-the-carson-podcast	22
69	https://www.gofundme.com/new-rocky-fretz-cd	23
70	https://www.gofundme.com/anotherkindofgirlsummer2018	23
71	https://www.gofundme.com/madcap-or-bust	23
0	https://www.gofundme.com/march-for-our-lives-san-jose	0
1	https://www.gofundme.com/madis-funding-one-last-time	0
2	https://www.gofundme.com/grannies-respond	0
3	https://www.gofundme.com/farewell-dr-lubarsky	1
4	https://www.gofundme.com/contribute-to-caroline-kramer-faust-foundation	1
5	https://www.gofundme.com/mary-ghisolfo-celebration	1
6	https://www.gofundme.com/trish-duffell	2
7	https://www.gofundme.com/march-for-our-lives-houston	2
8	https://www.gofundme.com/ryan-conways-funeral-arrangments	2
9	https://www.gofundme.com/HappyBirthdayGaryTyler	3
10	https://www.gofundme.com/helpTerryRohnke	3
11	https://www.gofundme.com/billnolan	3
12	https://www.gofundme.com/mother039s-day-at-chla	4
13	https://www.gofundme.com/msu-alpha-7020-anniversaries	4
14	https://www.gofundme.com/503party2018	4
15	https://www.gofundme.com/comedy-day-2018	5
16	https://www.gofundme.com/AdieuDRaH	5
17	https://www.gofundme.com/WilliamBrownRetirement	5
18	https://www.gofundme.com/hidden-lake-4th-of-july-celabration	6
19	https://www.gofundme.com/Deans-retirement	6
20	https://www.gofundme.com/lfny-t18-afterprom	6
21	https://www.gofundme.com/aircraft-fundraiser	7
22	https://www.gofundme.com/Send-North-Mpls-Youth-to-March-for-Our-Lives	7
23	https://www.gofundme.com/stoopball-world-championship-finale	7
24	https://www.gofundme.com/scn-post-prom-2018	8
25	https://www.gofundme.com/terry-head039s-retirement-gift	8
26	https://www.gofundme.com/NationalDieIn	8
27	https://www.gofundme.com/she-recovers-in-la-scholarships	9
28	https://www.gofundme.com/burke-family-backyard-bd-bash	9
29	https://www.gofundme.com/ron-rapoport-retirement-gift	9
30	https://www.gofundme.com/andy-velez	10
31	https://www.gofundme.com/EllieLilaQuezada35anniversary	10
32	https://www.gofundme.com/epsilon-xi-reunion	10
33	https://www.gofundme.com/2nd-annual-glenwood-park-fireworks	11
34	https://www.gofundme.com/283ss4ec	11
35	https://www.gofundme.com/tom-coopermike-page-wedding-gift	11
36	https://www.gofundme.com/CapeCodStudentActivists	12
37	https://www.gofundme.com/nycsaysenough	12
38	https://www.gofundme.com/martha039s-send-off	12
39	https://www.gofundme.com/July4FunStHelena	13
40	https://www.gofundme.com/hawaiian-cruise-for-maureen039s-60th	13
41	https://www.gofundme.com/getthekidstoprom	13
42	https://www.gofundme.com/vkgkjb-march-for-our-lives-cincinnati	14
43	https://www.gofundme.com/lake-fenton-fireworks-2018	14
44	https://www.gofundme.com/wedding-blessings-to-those-in-need	14
45	https://www.gofundme.com/march-for-our-lives-ann-arbor	15
46	https://www.gofundme.com/5au8h7c	15
47	https://www.gofundme.com/march-for-our-lives-avl-march	15
48	https://www.gofundme.com/MA-LS-FacultyAppreciation	16
49	https://www.gofundme.com/bert039s-excellent-alaskan-adventure	16
50	https://www.gofundme.com/seniorclassof2018	16
51	https://www.gofundme.com/gary-retirement-bicycle-gift	17
52	https://www.gofundme.com/trinity039s-bucket-list	17
53	https://www.gofundme.com/lakebuckhorn2018-fireworks-show	17
54	https://www.gofundme.com/fredscampaign	18
55	https://www.gofundme.com/EHSClassof88	18
56	https://www.gofundme.com/celebration-of-shifman	18
57	https://www.gofundme.com/elizabeth-sabbatical-surprise	19
58	https://www.gofundme.com/please-donate-wedding-is-on-monday	19
59	https://www.gofundme.com/charivari-detroit-2018	19
60	https://www.gofundme.com/maxwelton-4th-of-july-parade	20
61	https://www.gofundme.com/memorial-bench-fund-for-jesse	20
62	https://www.gofundme.com/bring-rivers-solomon-to-the-hugos	20
63	https://www.gofundme.com/sphinx-restoration-project	21
64	https://www.gofundme.com/in-memory-of-richard-stamegna	21
65	https://www.gofundme.com/5alecaw	21
66	https://www.gofundme.com/danny-days-of-summer	22
67	https://www.gofundme.com/tx-capital-walkout-for-gun-safety	22
68	https://www.gofundme.com/fwws65-ths-class-of-2008-reunion	22
69	https://www.gofundme.com/kyle-murray039s-goodbye-celebration	23
70	https://www.gofundme.com/steve-eubank-retirement-gift-fund	23
71	https://www.gofundme.com/falling-water-family-4th-2018	23
0	https://www.gofundme.com/RICS2018	0
1	https://www.gofundme.com/holmans-emergency-fund-for-seth	0
2	https://www.gofundme.com/rb4mds-hope-lives	0
3	https://www.gofundme.com/evan-smith	1
4	https://www.gofundme.com/rally-for-greta	1
5	https://www.gofundme.com/heididoesministryschool	1
6	https://www.gofundme.com/waioli-huiia	2
7	https://www.gofundme.com/church-building-for-kidane-mehret	2
8	https://www.gofundme.com/operation-joseph	2
9	https://www.gofundme.com/linda-reeve039s-grandchildren	3
10	https://www.gofundme.com/cape-town-mission	3
11	https://www.gofundme.com/garcia-mortgage-fund	3
12	https://www.gofundme.com/help-us-renovate-theabrar-masjid	4
13	https://www.gofundme.com/leopard-vision	4
14	https://www.gofundme.com/st-sophia-buidling-fund	4
15	https://www.gofundme.com/bancroft5-ministry-house	5
16	https://www.gofundme.com/legal-defense-fund-for-fr-phillips	5
17	https://www.gofundme.com/SummitCenterCommunityMakeover	5
18	https://www.gofundme.com/hkvqym-mission-to-cambodia	6
19	https://www.gofundme.com/islamic-center-of-laveen-arizona	6
20	https://www.gofundme.com/dani039s-ijm-fellowship	6
21	https://www.gofundme.com/letherstay	7
22	https://www.gofundme.com/dd492f-24	7
23	https://www.gofundme.com/romanian-orthodox-church	7
24	https://www.gofundme.com/help-save-historic-wesley-chapel	8
25	https://www.gofundme.com/publish-tage039s-story	8
26	https://www.gofundme.com/ep3dv2-church-remodeling	8
27	https://www.gofundme.com/MillaNewMission	9
28	https://www.gofundme.com/arm2arm-dominican-republic-mission-2018	9
29	https://www.gofundme.com/orthodox-pocket-gospel-book	9
30	https://www.gofundme.com/reachable-reconciliation	10
31	https://www.gofundme.com/aservicedogforlauren	10
32	https://www.gofundme.com/6b7xgm-help-for-guatemala	10
33	https://www.gofundme.com/reidandsarah	11
34	https://www.gofundme.com/emma-humphreys-to-the-mission-field	11
35	https://www.gofundme.com/7p8qwh-wedding	11
36	https://www.gofundme.com/stevefuller-in-support-of-jw	12
37	https://www.gofundme.com/zameer-on-mission-fusion	12
38	https://www.gofundme.com/kristi-carlton	12
39	https://www.gofundme.com/rebuild-rockingham-acres	13
40	https://www.gofundme.com/roberts-return-to-usa	13
41	https://www.gofundme.com/help-me-destroy-my-career-for-christ	13
42	https://www.gofundme.com/stmarysharlem	14
43	https://www.gofundme.com/kerismissionshearlove	14
44	https://www.gofundme.com/let039s-build-an-orphanagemercyhouse	14
45	https://www.gofundme.com/Echoproject	15
46	https://www.gofundme.com/NettieKenya	15
47	https://www.gofundme.com/transformnations	15
48	https://www.gofundme.com/kingdom-domain-center	16
49	https://www.gofundme.com/fpcgserveshaiti2018	16
50	https://www.gofundme.com/stetler-van-purchase	16
51	https://www.gofundme.com/support-max-on-mission	17
52	https://www.gofundme.com/wilmothgift	17
53	https://www.gofundme.com/rfg32-a-future-and-a-hope	17
54	https://www.gofundme.com/5di6r9s	18
55	https://www.gofundme.com/st-nicholas-church-in-shonoktui	18
56	https://www.gofundme.com/58wihqo	18
57	https://www.gofundme.com/krizia-intern	19
58	https://www.gofundme.com/catholic-youth-leader-institute	19
59	https://www.gofundme.com/gayland-pool-ministry-fund	19
60	https://www.gofundme.com/a-beautiful-little-girl	20
61	https://www.gofundme.com/2wtns7-bring-norma-home	20
62	https://www.gofundme.com/sanctuary-restoration-fund	20
63	https://www.gofundme.com/ugandatogether-mission-in-july	21
64	https://www.gofundme.com/let039s-love-our-brother	21
65	https://www.gofundme.com/taking-my-work-to-the-next-level	21
66	https://www.gofundme.com/RevRobertThompson	22
67	https://www.gofundme.com/5oz0r6o	22
68	https://www.gofundme.com/ms-marita039s-house-fire	22
69	https://www.gofundme.com/help-katie-join-the-sisters-of-life	23
70	https://www.gofundme.com/the-clarks-to-michigan	23
71	https://www.gofundme.com/keeping-kids-off-dirt-floors	23
0	https://www.gofundme.com/honoring-lindsay-bugbee-crosby	0
1	https://www.gofundme.com/porsha-owens-memorial-fund	0
2	https://www.gofundme.com/jarrod-lyles-girls	0
3	https://www.gofundme.com/owen-family-tribute	1
4	https://www.gofundme.com/sergeant-christopher-sambuco	1
5	https://www.gofundme.com/p368d-help-the-henry-family	1
6	https://www.gofundme.com/johnatpursuehappiness	2
7	https://www.gofundme.com/justice-for-gregory-hill	2
8	https://www.gofundme.com/smith-twins-care-fund	2
9	https://www.gofundme.com/the-kasey-chen-family	3
10	https://www.gofundme.com/tx-bomb-leaves-8yr-old-daughter-wo	3
11	https://www.gofundme.com/find-amp-document-separated-children	3
12	https://www.gofundme.com/support-the-moreno-family	4
13	https://www.gofundme.com/ronnie039s-last-wish	4
14	https://www.gofundme.com/for-the-dewet-family	4
15	https://www.gofundme.com/fxy2rg	5
16	https://www.gofundme.com/ben-whitmer039s-family	5
17	https://www.gofundme.com/LMFPackYourBackChallenge	5
18	https://www.gofundme.com/for-sophie-and-michele-kennedy	6
19	https://www.gofundme.com/td253-help-the-goetz-family	6
20	https://www.gofundme.com/help-the-deguzmans	6
21	https://www.gofundme.com/OneillBoysEducationFund	7
22	https://www.gofundme.com/the-hipolito-family	7
23	https://www.gofundme.com/care-like-a-demon	7
24	https://www.gofundme.com/the-hillman-family	8
25	https://www.gofundme.com/jenni-howemcgruder-memorial	8
26	https://www.gofundme.com/the-children-of-sara-deas	8
27	https://www.gofundme.com/tomarastribe-ittakesavillage	9
28	https://www.gofundme.com/celebrating-john-devers-life	9
29	https://www.gofundme.com/dr4qj-hilario-emergency-love-project	9
30	https://www.gofundme.com/sunnybear	10
31	https://www.gofundme.com/tragedy-in-child-birth	10
32	https://www.gofundme.com/mitchell-quandt-memorial-fund	10
33	https://www.gofundme.com/kubota-family	11
34	https://www.gofundme.com/raue-family-tragedy	11
35	https://www.gofundme.com/zoe-bug	11
36	https://www.gofundme.com/in-loving-memory-of-dashan-briggs	12
37	https://www.gofundme.com/carolyn-carr039s-cancer-crusade	12
38	https://www.gofundme.com/the-elliott-ortega-family	12
39	https://www.gofundme.com/wheels-for-abigail	13
40	https://www.gofundme.com/JillbLB	13
41	https://www.gofundme.com/fundraiser-for-joel-matuzeski	13
42	https://www.gofundme.com/help-for-our-twins-boy-and-girl	14
43	https://www.gofundme.com/support-meredith-and-keaton	14
44	https://www.gofundme.com/SavingSkyler	14
45	https://www.gofundme.com/etta-mimi-salome-fund	15
46	https://www.gofundme.com/robert-nobby-moore-memorial-fund	15
47	https://www.gofundme.com/kenyon-taylor-family-fund	15
48	https://www.gofundme.com/2bveqac	16
49	https://www.gofundme.com/once-upon-a-farm-for-raices	16
50	https://www.gofundme.com/baby-marc	16
51	https://www.gofundme.com/shirley-girls	17
52	https://www.gofundme.com/support-for-amy-and-brayden-muntz	17
53	https://www.gofundme.com/xw9p85-holland-family	17
54	https://www.gofundme.com/beau-ward-family	18
55	https://www.gofundme.com/in-memory-of-ellie-davis	18
56	https://www.gofundme.com/travasjohns	18
57	https://www.gofundme.com/hvpd2-kirby-family	19
58	https://www.gofundme.com/bypp7-team-liam	19
59	https://www.gofundme.com/gaawn-compassion	19
60	https://www.gofundme.com/tricarico-family-comfort-care	20
61	https://www.gofundme.com/stephanie-mckee	20
62	https://www.gofundme.com/for-the-cristiani-family	20
63	https://www.gofundme.com/f78ygd-mike-clapp039s-kids	21
64	https://www.gofundme.com/amandagaunichaux	21
65	https://www.gofundme.com/matias-ortega-baby-rip	21
66	https://www.gofundme.com/5pe70vs	22
67	https://www.gofundme.com/aidenlimforever5	22
68	https://www.gofundme.com/5kboslk	22
69	https://www.gofundme.com/AbdulaiOliverFamily	23
70	https://www.gofundme.com/fundraiser-for-wren-pitstick	23
71	https://www.gofundme.com/chris-lopez-funeral	23
0	https://www.gofundme.com/joyce-amp-jim039s-house-fundraiser	0
1	https://www.gofundme.com/kelsteve	0
2	https://www.gofundme.com/andrea-adam-7718	0
3	https://www.gofundme.com/yesomawedding	1
4	https://www.gofundme.com/dear-kallah	1
5	https://www.gofundme.com/matt-and-lauren-tie-the-knot	1
6	https://www.gofundme.com/benandjemdoamerica	2
7	https://www.gofundme.com/destination-wedding-honeymoon	2
8	https://www.gofundme.com/kandkking	2
9	https://www.gofundme.com/yazzy-connor039s-immigration-funds	3
10	https://www.gofundme.com/adama-janneh	3
11	https://www.gofundme.com/kelsey-and-michelle039s-honeymoon	3
12	https://www.gofundme.com/neb3k-1	4
13	https://www.gofundme.com/david-and-emily039s-wedding	4
14	https://www.gofundme.com/greg-megans-honeymoon-fund	4
15	https://www.gofundme.com/constance-and-jason-honeymoon-fund	5
16	https://www.gofundme.com/hachnosas-kallah-two-yesomim	5
17	https://www.gofundme.com/movepiano-honeymoonfund	5
18	https://www.gofundme.com/help-our-brother-go-to-wedding	6
19	https://www.gofundme.com/bless-steve-and-kelsi-bailey	6
20	https://www.gofundme.com/PNGWedding	6
21	https://www.gofundme.com/HelpChrisSayIDo	7
22	https://www.gofundme.com/collinsfurlong-honeymoon-fund	7
23	https://www.gofundme.com/hachnasos-kallah	7
24	https://www.gofundme.com/honey-moon-gift-fund	8
25	https://www.gofundme.com/help-bring-liezel-to-the-us	8
26	https://www.gofundme.com/operation-honeymoon-gt	8
27	https://www.gofundme.com/patrick-amp-ashleys-wedding	9
28	https://www.gofundme.com/5nltwuw	9
29	https://www.gofundme.com/joshua-martin-and-rebecca-lam-aug-2018	9
30	https://www.gofundme.com/terri-and-oskar039s-honeymoon	10
31	https://www.gofundme.com/a-reception-for-paul-and-doriane	10
32	https://www.gofundme.com/help-twisteddisaster-get-married	10
33	https://www.gofundme.com/josie-and-rad039s-honeymoon	11
34	https://www.gofundme.com/sam-and-tim039s-honeymoon	11
35	https://www.gofundme.com/qg3vw-team-thomas-wedding-gifts	11
36	https://www.gofundme.com/Gei-abeweddingfund	12
37	https://www.gofundme.com/sendkailaandfelixtoiceland	12
38	https://www.gofundme.com/jason-and-lottie-honeymoon-fund	12
39	https://www.gofundme.com/lets-get-terrence-to-my-wedding	13
40	https://www.gofundme.com/happilyeverguarnere	13
41	https://www.gofundme.com/funds-for-our-new-life-together	13
42	https://www.gofundme.com/AaronandLauren-sHoneymoon	14
43	https://www.gofundme.com/bp2-honeymoon-fund	14
44	https://www.gofundme.com/verina-amp-james039-wedding	14
45	https://www.gofundme.com/4mcxp-wedding-trip	15
46	https://www.gofundme.com/lisa-and-rick-wedding	15
47	https://www.gofundme.com/bpbe3-hachnosas-kallah	15
48	https://www.gofundme.com/fenton-dream-honeymoon	16
49	https://www.gofundme.com/emergencyhk	16
50	https://www.gofundme.com/cancer-postponed-their-honeymoon	16
51	https://www.gofundme.com/barb-amp-steves-honeymoon	17
52	https://www.gofundme.com/kevin-and-jessicas-wedding9718	17
53	https://www.gofundme.com/ygcy3-weddinghoneymoon-fund	17
54	https://www.gofundme.com/honeymoon2019	18
55	https://www.gofundme.com/eberthhoneyfund	18
56	https://www.gofundme.com/you-too-can-power-our-marriage	18
57	https://www.gofundme.com/honeymoon-that-never-was	19
58	https://www.gofundme.com/debbie-and-jon039s-honeymoon-fund	19
59	https://www.gofundme.com/dru-and-heathers-honeymoon	19
60	https://www.gofundme.com/AnnelieseTJEurope	20
61	https://www.gofundme.com/PreciousAntwonWedding	20
62	https://www.gofundme.com/sam-amp-devon039s-dream-home-fund	20
63	https://www.gofundme.com/a-wedding-gift-for-josh-and-alexa	21
64	https://www.gofundme.com/katie-amp-rodrigo039s-wedding	21
65	https://www.gofundme.com/help-us-build-our-honeymoon-home	21
66	https://www.gofundme.com/marissa-diego	22
67	https://www.gofundme.com/mickunas-honeymoon	22
68	https://www.gofundme.com/billandkendra	22
69	https://www.gofundme.com/5l1cbog	23
70	https://www.gofundme.com/help-marcus-go-to-cowboys-game	23
71	https://www.gofundme.com/haveandtoholt	23
0	https://www.gofundme.com/lc039s-fight-for-paris	0
1	https://www.gofundme.com/pmbljamaica	0
2	https://www.gofundme.com/texas-crew	0
3	https://www.gofundme.com/stephen-wanamaker	1
4	https://www.gofundme.com/TeamPratima	1
5	https://www.gofundme.com/save-emu-men039s-swim-and-dive	1
6	https://www.gofundme.com/xhaka-shaqiri-and-lichststeriner	2
7	https://www.gofundme.com/mid-island-allstars-2018-12u	2
8	https://www.gofundme.com/dunwoody-high-athletic-lighting	2
9	https://www.gofundme.com/JHLAX	3
10	https://www.gofundme.com/nh-youth-baseball-assoc-robbed	3
11	https://www.gofundme.com/koreylovett	3
12	https://www.gofundme.com/richmondcomp	4
13	https://www.gofundme.com/raising-money-for-07039-and-05039-teams	4
14	https://www.gofundme.com/save-maricopa-county-football	4
15	https://www.gofundme.com/send-our-team-to-the-world-cup	5
16	https://www.gofundme.com/world-series-bound-west-louisville	5
17	https://www.gofundme.com/ehs-sparkle-special-athlete-cheer	5
18	https://www.gofundme.com/norwalk-14u-revolution	6
19	https://www.gofundme.com/ricky-hearden	6
20	https://www.gofundme.com/usc-lacrosse-war-chest	6
21	https://www.gofundme.com/aikieast	7
22	https://www.gofundme.com/kisumu2wucc	7
23	https://www.gofundme.com/actsonationalsfundraiser	7
24	https://www.gofundme.com/fccardinalsnationals	8
25	https://www.gofundme.com/belmontshorerugby	8
26	https://www.gofundme.com/BN13Ubaseball	8
27	https://www.gofundme.com/youngbucks-national-tournaments	9
28	https://www.gofundme.com/georgetown-ultimate-nationals	9
29	https://www.gofundme.com/asianoceanic-all-stars	9
30	https://www.gofundme.com/laxtreme12uelite2018	10
31	https://www.gofundme.com/willamette-valley-world-series-2018	10
32	https://www.gofundme.com/5w9okgo	10
33	https://www.gofundme.com/mysticrugby2018	11
34	https://www.gofundme.com/road-to-the-2018-cac-games	11
35	https://www.gofundme.com/midland-midcity-5070-baseball	11
36	https://www.gofundme.com/five-cities-babe-ruth-baseball	12
37	https://www.gofundme.com/ashwest-baseball-team	12
38	https://www.gofundme.com/5ujn6uo	12
39	https://www.gofundme.com/orange-kettlebell-club-has-to-move	13
40	https://www.gofundme.com/save-the-clubs	13
41	https://www.gofundme.com/fairfieldhockey18	13
42	https://www.gofundme.com/atlantarugby2018	14
43	https://www.gofundme.com/save-long-island-scuba	14
44	https://www.gofundme.com/help-us-get-to-nationals-in-ga	14
45	https://www.gofundme.com/mv-crew-boat-fund	15
46	https://www.gofundme.com/lsll-allstar-regional-fundraiser	15
47	https://www.gofundme.com/12uwildcatsrock	15
48	https://www.gofundme.com/wipnpolo	16
49	https://www.gofundme.com/claudiocorrearoadtothepga	16
50	https://www.gofundme.com/york-girls-are-allstar-strong	16
51	https://www.gofundme.com/craig-hocknull-pga-championship	17
52	https://www.gofundme.com/denver-riptide-to-the-world-series	17
53	https://www.gofundme.com/buying-the-superdrome	17
54	https://www.gofundme.com/women-for-rugby	18
55	https://www.gofundme.com/mt-olive-12u-girls-world-series	18
56	https://www.gofundme.com/hybs-12u-jr-hawks-all-stars	18
57	https://www.gofundme.com/3tbv4lk	19
58	https://www.gofundme.com/2018-san-bernardino-cdall-12u-team	19
59	https://www.gofundme.com/help56gettoworlds	19
60	https://www.gofundme.com/5ffxumw	20
61	https://www.gofundme.com/ashley-hill-usa	20
62	https://www.gofundme.com/vikingsuniformfund	20
63	https://www.gofundme.com/windham-910-softball-all-stars	21
64	https://www.gofundme.com/gainesville-area-rowing-nationals	21
65	https://www.gofundme.com/2018-us-junior-mens-double	21
66	https://www.gofundme.com/eastboise-10u-softball-world-series	22
67	https://www.gofundme.com/56z48zc	22
68	https://www.gofundme.com/2018-usa-u23-m4-to-world-champs	22
69	https://www.gofundme.com/dolphins-to-nyc	23
70	https://www.gofundme.com/oakland-to-uk-soccer-experience	23
71	https://www.gofundme.com/latvian-national-lacrosse-team	23
0	https://www.gofundme.com/masons-medcamps-mission	0
1	https://www.gofundme.com/eatlessplastic	0
2	https://www.gofundme.com/ayuda-nicaragua-sos-nicaragua	0
3	https://www.gofundme.com/lawrence-butler039s-funeral-expences	1
4	https://www.gofundme.com/mikeonblades	1
5	https://www.gofundme.com/youtu-be-yUznnkBKSMs	1
6	https://www.gofundme.com/support-vasilisa039s-adventure	2
7	https://www.gofundme.com/catchmein195	2
8	https://www.gofundme.com/support-queer-youth-rite-of-passage	2
9	https://www.gofundme.com/trip-to-japan-from-the-bronx	3
10	https://www.gofundme.com/MirandasWish	3
11	https://www.gofundme.com/one-day-starts-today	3
12	https://www.gofundme.com/send-sheikh-abdurraheem-to-hajj	4
13	https://www.gofundme.com/lets-send-makiko-and-les-to-paris	4
14	https://www.gofundme.com/ICARE-OF-MIAMI	4
15	https://www.gofundme.com/blessing-strangers-along-the-way	5
16	https://www.gofundme.com/trip-for-coach-and-marcy	5
17	https://www.gofundme.com/joanielange	5
18	https://www.gofundme.com/kellys-field-hockey-of-dreams	6
19	https://www.gofundme.com/GivingbacktoTad	6
20	https://www.gofundme.com/post-chemo-getaway	6
21	https://www.gofundme.com/43fy7-help-me-to-my-dream-job	7
22	https://www.gofundme.com/not-filming-a-special	7
23	https://www.gofundme.com/EBForst	7
24	https://www.gofundme.com/honeymoonjaro	8
25	https://www.gofundme.com/4wheel-recovery-program	8
26	https://www.gofundme.com/5gxezc8	8
27	https://www.gofundme.com/mike-bikes-for-autism	9
28	https://www.gofundme.com/harbertson-adventure	9
29	https://www.gofundme.com/help-support-leola-leave-seattle	9
30	https://www.gofundme.com/forgetruck	10
31	https://www.gofundme.com/wespokeout	10
32	https://www.gofundme.com/sd-to-nyc-to-pct	10
33	https://www.gofundme.com/carla-peterson-bucket-list	11
34	https://www.gofundme.com/hawaii-while-i-can-still-walk	11
35	https://www.gofundme.com/SampsonShakespear	11
36	https://www.gofundme.com/btvmission	12
37	https://www.gofundme.com/moody-family-vacation	12
38	https://www.gofundme.com/singing-opportunity-of-a-lifetime	12
39	https://www.gofundme.com/save-rocking-js	13
40	https://www.gofundme.com/kathyandkaydance	13
41	https://www.gofundme.com/shelby-amp-sherrie039s-europe-trip	13
42	https://www.gofundme.com/rythmia-scholarship-fund	14
43	https://www.gofundme.com/raceacrossthewest	14
44	https://www.gofundme.com/cxcrz-help-me-move	14
45	https://www.gofundme.com/MorganElliott	15
46	https://www.gofundme.com/vroom-vroom-help	15
47	https://www.gofundme.com/let039s-send-picazo-to-machu-picchu	15
48	https://www.gofundme.com/On-a-Mission-to-Ethiopia	16
49	https://www.gofundme.com/jessica-and-sean-go-to-paris	16
50	https://www.gofundme.com/funkynarwhal	16
51	https://www.gofundme.com/leobardo-amezcua	17
52	https://www.gofundme.com/JeepBeachHoneymoon	17
53	https://www.gofundme.com/atacama-desert-crossing	17
54	https://www.gofundme.com/30-countries-in-30-days	18
55	https://www.gofundme.com/iroam	18
56	https://www.gofundme.com/mrs-carter039s-traveladventure-fund	18
57	https://www.gofundme.com/mercyandjo	19
58	https://www.gofundme.com/5ii3ank	19
59	https://www.gofundme.com/send-rob-and-alisha-crebbin	19
60	https://www.gofundme.com/RecruitJacobBootCampGraduation	20
61	https://www.gofundme.com/ruthies-epic-40th-bday-adventure	20
62	https://www.gofundme.com/baseball-hall-of-fame-for-mickey	20
63	https://www.gofundme.com/MissFisherPhiles	21
64	https://www.gofundme.com/nude-beach-and-other-travel	21
65	https://www.gofundme.com/metatrons	21
66	https://www.gofundme.com/annelie039s-trip-to-germany	22
67	https://www.gofundme.com/get-nathan-to-the-cannes-film-fest	22
68	https://www.gofundme.com/rythmia-mortgage-elimination	22
69	https://www.gofundme.com/writers-award-trip	23
70	https://www.gofundme.com/azxc3-kilimanjaro	23
71	https://www.gofundme.com/casey039s-california-fund	23
0	https://www.gofundme.com/sowore2019	0
1	https://www.gofundme.com/lpfpd-ranch-fire-general-fund	0
2	https://www.gofundme.com/whateveretttakes	0
3	https://www.gofundme.com/pb-volunteer-alliance	1
4	https://www.gofundme.com/together-we-are-stronger-march	1
5	https://www.gofundme.com/6v67h-san-diego-immigrant-bond-campaign	1
6	https://www.gofundme.com/marchforourlivesphilly	2
7	https://www.gofundme.com/quotauntiequot-debra-davis	2
8	https://www.gofundme.com/save-triste039s-life	2
9	https://www.gofundme.com/holy-fire-first-responder-fund	3
10	https://www.gofundme.com/houses-for-homes-guatemala-2018	3
11	https://www.gofundme.com/music-is-medicine-tour	3
12	https://www.gofundme.com/TCstudentbusrally	4
13	https://www.gofundme.com/59ko09c	4
14	https://www.gofundme.com/parkinglotcart	4
15	https://www.gofundme.com/students-for-action-dc-march	5
16	https://www.gofundme.com/help-our-bikur-cholim-friends	5
17	https://www.gofundme.com/j98zu-help-drew	5
18	https://www.gofundme.com/MadelaYogaProjecTranscends	6
19	https://www.gofundme.com/occupylafayette-reinforcements	6
20	https://www.gofundme.com/ay6eb9-dental-mission-trip-to-guyana	6
21	https://www.gofundme.com/marchfolchi	7
22	https://www.gofundme.com/cassidyrohingya	7
23	https://www.gofundme.com/gcmhp-immigration-lawyers-to-the-border	7
24	https://www.gofundme.com/immigrant-family-reunification	8
25	https://www.gofundme.com/c22gr-mission-trip-to-peru	8
26	https://www.gofundme.com/women-help-immigrants-in-detention	8
27	https://www.gofundme.com/Fallennotforgotten	9
28	https://www.gofundme.com/remember727	9
29	https://www.gofundme.com/5n7qgbs	9
30	https://www.gofundme.com/dp-meyer-nya-phi-kappa-psi-portrait	10
31	https://www.gofundme.com/thailand-orphanage-build-2018	10
32	https://www.gofundme.com/hannah-the-immigration-lawyer	10
33	https://www.gofundme.com/HelpGrahamUnderstand	11
34	https://www.gofundme.com/muay-thai-for-at-risk-youth	11
35	https://www.gofundme.com/marchforourliveslouisville	11
36	https://www.gofundme.com/soblessings	12
37	https://www.gofundme.com/moms-and-children-in-ice-prisons	12
38	https://www.gofundme.com/eyes-ears-hands-heart	12
39	https://www.gofundme.com/keep-families-together-rally	13
40	https://www.gofundme.com/find-maura-murray	13
41	https://www.gofundme.com/lombok-restore-and-repair	13
42	https://www.gofundme.com/5q8yxwo	14
43	https://www.gofundme.com/fund-legal-volunteers-on-the-border	14
44	https://www.gofundme.com/art-and-small-business-in-hanalei	14
45	https://www.gofundme.com/pediatric-dental-mission-trip2018	15
46	https://www.gofundme.com/our-volunteer-trip-to-armenia	15
47	https://www.gofundme.com/assist-detained-children-in-texas	15
48	https://www.gofundme.com/lions-for-haiti	16
49	https://www.gofundme.com/htxrv-trying-to-survive	16
50	https://www.gofundme.com/get-humble-heroes-to-st-jude039s	16
51	https://www.gofundme.com/5gicxrk	17
52	https://www.gofundme.com/vote-for-our-lives-redwood-city	17
53	https://www.gofundme.com/DRschoolbackpacks	17
54	https://www.gofundme.com/aid-4-refugees-feed-clothe-heal	18
55	https://www.gofundme.com/people-assisting-the-homeless	18
56	https://www.gofundme.com/fire-fighter-lost-her-home	18
57	https://www.gofundme.com/fccservicetrip	19
58	https://www.gofundme.com/chloe-ghana	19
59	https://www.gofundme.com/detained-children-volunteer-lawyers	19
60	https://www.gofundme.com/ae4fh-to-yota-in-south-africa	20
61	https://www.gofundme.com/bysr8-mission-tanzania	20
62	https://www.gofundme.com/The-PR-Gap-Shelter	20
63	https://www.gofundme.com/2018-scycboom	21
64	https://www.gofundme.com/libbyfosterclub	21
65	https://www.gofundme.com/ozanam-puerto-rico-relief-drive	21
66	https://www.gofundme.com/maui-photographers-for-kaua039i	22
67	https://www.gofundme.com/scott-county-k9-fund	22
68	https://www.gofundme.com/ayudh2018	22
69	https://www.gofundme.com/the-run-for-their-lives	23
70	https://www.gofundme.com/5pkoibs	23
71	https://www.gofundme.com/volunteer-to-help-gorillas-in-gabon	23
0	https://www.gofundme.com/send-jordan-from-rouses-to-school	0
1	https://www.gofundme.com/colinsjoyproject	0
2	https://www.gofundme.com/helping-regina039s-children	0
3	https://www.gofundme.com/give-kevin-a-chance-at-life	1
4	https://www.gofundme.com/sanctuaryhmc	1
5	https://www.gofundme.com/bennetts-park	1
6	https://www.gofundme.com/dreams-for-donavyn	2
7	https://www.gofundme.com/jacobswishes	2
8	https://www.gofundme.com/seamus-wood-scholarship	2
9	https://www.gofundme.com/sweet-piper-ganey	3
10	https://www.gofundme.com/e75ga-greater	3
11	https://www.gofundme.com/Cassion-Education-Fund	3
12	https://www.gofundme.com/celebratingkeaton	4
13	https://www.gofundme.com/luz-itzel-gonzalez	4
14	https://www.gofundme.com/eric-s-jackson-children039s-fund	4
15	https://www.gofundme.com/georgia-maes-support-fund	5
16	https://www.gofundme.com/giagunn	5
17	https://www.gofundme.com/justicefornoura-and-child-brides	5
18	https://www.gofundme.com/clay-woolsey	6
19	https://www.gofundme.com/help-ann-maria-get-some-wheels	6
20	https://www.gofundme.com/gracesurfingdream	6
21	https://www.gofundme.com/cheryl039s-dream	7
22	https://www.gofundme.com/remembering-nyc-cabbie-kenny-chow	7
23	https://www.gofundme.com/QuinceyUpshaw	7
24	https://www.gofundme.com/gaston-gruene-cavender-scholarship	8
25	https://www.gofundme.com/2t8b9y-college	8
26	https://www.gofundme.com/kraigswheels	8
27	https://www.gofundme.com/in-memory-of-chava-ortiz-jr	9
28	https://www.gofundme.com/f7ntg-connaughton-family-angel-fund	9
29	https://www.gofundme.com/kk-foundation	9
30	https://www.gofundme.com/489wt-justiniano-family-fund	10
31	https://www.gofundme.com/6893v-help-us-make-this-house-a-home	10
32	https://www.gofundme.com/lee039s-wish	10
33	https://www.gofundme.com/ferrante-family	11
34	https://www.gofundme.com/588232g	11
35	https://www.gofundme.com/gavin-morales	11
36	https://www.gofundme.com/emma-thistle-for-hopes-amp-dreams	12
37	https://www.gofundme.com/experiences-for-camila	12
38	https://www.gofundme.com/owen-robert-lindner-trust-fund	12
39	https://www.gofundme.com/earlybird-entry-for-iditarod-race	13
40	https://www.gofundme.com/wyatt039s-the-man	13
41	https://www.gofundme.com/ivfgrantohonorpatty	13
42	https://www.gofundme.com/bill-ulbricht039s-family-college-fund	14
43	https://www.gofundme.com/fncjgj-wishes-come-true	14
44	https://www.gofundme.com/in-loving-memory-of-andy-hass	14
45	https://www.gofundme.com/negecad-hope-lodge-give-back	15
46	https://www.gofundme.com/love-for-the-smith-family	15
47	https://www.gofundme.com/megan039s-cancer-wish-fund	15
48	https://www.gofundme.com/juanreyessanchez	16
49	https://www.gofundme.com/naosvillageofangels	16
50	https://www.gofundme.com/mom039s-startup-businessclaudia-q	16
51	https://www.gofundme.com/58po9fk	17
52	https://www.gofundme.com/5hd5ubs	17
53	https://www.gofundme.com/where-wishes-come-true	17
54	https://www.gofundme.com/a-wrinkle-in-time-4-flint-kids	18
55	https://www.gofundme.com/ricardoscollegefootballdream	18
56	https://www.gofundme.com/rajsjourney	18
57	https://www.gofundme.com/send-the-sanchez-family-to-hawaii	19
58	https://www.gofundme.com/buffalo-grove-family-pride-2019	19
59	https://www.gofundme.com/papasford	19
60	https://www.gofundme.com/jakes-brighter-future-fund	20
61	https://www.gofundme.com/33tt8a-operation-get-pete-a-boat	20
62	https://www.gofundme.com/in-memory-of-sami-ajaj	20
63	https://www.gofundme.com/mom-in-need-of-a-sanctuary	21
64	https://www.gofundme.com/one-handed-moto-rider	21
65	https://www.gofundme.com/help-my-daddy-come-back-home	21
66	https://www.gofundme.com/joexrideacrossamerica	22
67	https://www.gofundme.com/help-send-michelle-to-israel	22
68	https://www.gofundme.com/support-alvins-family	22
69	https://www.gofundme.com/nuclear-medicine-tech-program	23
70	https://www.gofundme.com/girls-junior-nationals-championship	23
71	https://www.gofundme.com/home-for-mom-with-disabled-kids	23
