	Url	Category	Position
0	https://www.gofundme.com/kdafoos-cancer	Medical	0
1	https://www.gofundme.com/3ctqm-medical-bills-for-my-grandfather	Medical	0
2	https://www.gofundme.com/olivia-stoy-bone-marrow-transplant	Medical	0
3	https://www.gofundme.com/autologous-Tcell-Transplant	Medical	1
4	https://www.gofundme.com/a-chance-of-rebirth	Medical	1
5	https://www.gofundme.com/teamclaire	Medical	1
6	https://www.gofundme.com/hannas-emergency-cancer-surgery	Medical	2
7	https://www.gofundme.com/brayden-belden	Medical	2
8	https://www.gofundme.com/jacobburyrecovery	Medical	2
9	https://www.gofundme.com/Victoria-Gouletas-Westport	Medical	3
10	https://www.gofundme.com/fight-like-the-averys	Medical	3
11	https://www.gofundme.com/helpestherconquercancer	Medical	3
12	https://www.gofundme.com/Nashville-shooting-victim	Medical	4
13	https://www.gofundme.com/please-help-the-robertson-family	Medical	4
14	https://www.gofundme.com/blake-rodgers-medical-fund	Medical	4
15	https://www.gofundme.com/ralucasmom	Medical	5
16	https://www.gofundme.com/justice-for-pedro-daniel-reyes	Medical	5
17	https://www.gofundme.com/greg-needs-a-new-right-foot	Medical	5
18	https://www.gofundme.com/abhijith039s-heart-transplant	Medical	6
19	https://www.gofundme.com/596hj8w	Medical	6
20	https://www.gofundme.com/lazer-family-fund	Medical	6
21	https://www.gofundme.com/coach-o	Medical	7
22	https://www.gofundme.com/sean-grismer-strong-sgstrong	Medical	7
23	https://www.gofundme.com/burn-victim-autumn-hamilton	Medical	7
24	https://www.gofundme.com/WeLoveJamesDuncan	Medical	8
25	https://www.gofundme.com/ella-whistler	Medical	8
26	https://www.gofundme.com/savekennethyoung	Medical	8
27	https://www.gofundme.com/Doug-Harris-CAR-T-Treatment	Medical	9
28	https://www.gofundme.com/treatmentforjaiden	Medical	9
29	https://www.gofundme.com/lougheed	Medical	9
30	https://www.gofundme.com/kristin-bozarths-heart-transplant	Medical	10
31	https://www.gofundme.com/emmett-lyman-medical-recovery-fund	Medical	10
32	https://www.gofundme.com/quotsend-itquot-for-pranathi-madhavarapu	Medical	10
33	https://www.gofundme.com/help-sienna-join-the-world	Medical	11
34	https://www.gofundme.com/pavi-zanki	Medical	11
35	https://www.gofundme.com/scott-and-jenn-harrington-fund	Medical	11
36	https://www.gofundme.com/jim-mcdonald039s-recovery	Medical	12
37	https://www.gofundme.com/joy039s-breast-cancer-fight	Medical	12
38	https://www.gofundme.com/supportadriencosta	Medical	12
39	https://www.gofundme.com/helpblancamorell	Medical	13
40	https://www.gofundme.com/kevindelaney	Medical	13
41	https://www.gofundme.com/ccu35y-help-with-financial-burdens	Medical	13
42	https://www.gofundme.com/hare-family-fund	Medical	14
43	https://www.gofundme.com/randy-capone-medical-expenses-fund	Medical	14
44	https://www.gofundme.com/step-up-for-angela	Medical	14
45	https://www.gofundme.com/xecze-winnie-yang039s-recovery-fund	Medical	15
46	https://www.gofundme.com/tiffanyfonohema	Medical	15
47	https://www.gofundme.com/5sxpgu0	Medical	15
48	https://www.gofundme.com/tragic-accident-brendan-brock-and-family	Medical	16
49	https://www.gofundme.com/esperanzahopeherrerafund	Medical	16
50	https://www.gofundme.com/dean-matsubayashi	Medical	16
51	https://www.gofundme.com/asmileforaddison	Medical	17
52	https://www.gofundme.com/nobforjasonseaman	Medical	17
53	https://www.gofundme.com/webb-family-emergency-fund	Medical	17
54	https://www.gofundme.com/seanwurtzel	Medical	18
55	https://www.gofundme.com/go-bo-go	Medical	18
56	https://www.gofundme.com/peter-and-marge	Medical	18
57	https://www.gofundme.com/medical-fund-for-richard-swift	Medical	19
58	https://www.gofundme.com/HelpJeremyFightALS	Medical	19
59	https://www.gofundme.com/chris-thalacker039s-life-with-als	Medical	19
60	https://www.gofundme.com/joe-gleeson-03986	Medical	20
61	https://www.gofundme.com/selman039s-liver-transplant	Medical	20
62	https://www.gofundme.com/team-rachelhope	Medical	20
63	https://www.gofundme.com/vaughtvscancer	Medical	21
64	https://www.gofundme.com/franchi-family-support	Medical	21
65	https://www.gofundme.com/DianaGreshamCorpus	Medical	21
66	https://www.gofundme.com/coles-fight-against-neuroblastoma	Medical	22
67	https://www.gofundme.com/rob-ryan	Medical	22
68	https://www.gofundme.com/sarah-dunn	Medical	22
69	https://www.gofundme.com/woolfisaacson-family-fund	Medical	23
70	https://www.gofundme.com/helpleenafightcancer	Medical	23
71	https://www.gofundme.com/acid-victim-chris-phiouthong	Medical	23
0	https://www.gofundme.com/remagen-family	Memorial	0
1	https://www.gofundme.com/k97bf-justice-for-junior	Memorial	0
2	https://www.gofundme.com/kevin-quinn-memorial-fund	Memorial	0
3	https://www.gofundme.com/TotalBiscuit	Memorial	1
4	https://www.gofundme.com/trinidad-family-tragedy-amp-support	Memorial	1
5	https://www.gofundme.com/benefit-for-the-family-of-cory-barr	Memorial	1
6	https://www.gofundme.com/jennshushereba	Memorial	2
7	https://www.gofundme.com/in-memory-of-mike-schambach	Memorial	2
8	https://www.gofundme.com/inlovingmemoryofbobjeansjr	Memorial	2
9	https://www.gofundme.com/sgt-clinton-cunningham-memorial	Memorial	3
10	https://www.gofundme.com/for-the-family-of-jonathan-gold	Memorial	3
11	https://www.gofundme.com/r94cjc-brian-hughes	Memorial	3
12	https://www.gofundme.com/tristan-beaudette-family-fund	Memorial	4
13	https://www.gofundme.com/support-for-ryan-macdonalds-family	Memorial	4
14	https://www.gofundme.com/supportjackson15	Memorial	4
15	https://www.gofundme.com/HowardCountyFlynnLODD	Memorial	5
16	https://www.gofundme.com/the-richard-mar-memorial-fund	Memorial	5
17	https://www.gofundme.com/hao-family	Memorial	5
18	https://www.gofundme.com/Michael-Canniff	Memorial	6
19	https://www.gofundme.com/paul-harris-memorial-fund	Memorial	6
20	https://www.gofundme.com/anthony-mele	Memorial	6
21	https://www.gofundme.com/vincent-altebrando	Memorial	7
22	https://www.gofundme.com/steve-renke-memorial-fund	Memorial	7
23	https://www.gofundme.com/cooke-family-tragedy	Memorial	7
24	https://www.gofundme.com/officer-adam-jobbersmiller-fund	Memorial	8
25	https://www.gofundme.com/napa-tragedy-momfrienddoctor	Memorial	8
26	https://www.gofundme.com/york-fire-fighters-support-fund	Memorial	8
27	https://www.gofundme.com/t4auh-tonyas-funeral-expenses	Memorial	9
28	https://www.gofundme.com/miranda039s-going-home-service	Memorial	9
29	https://www.gofundme.com/dan-amp-david-briel-funeral-fund	Memorial	9
30	https://www.gofundme.com/raising-fund-for-jayaswal-family	Memorial	10
31	https://www.gofundme.com/jorge-ortiz-home-going	Memorial	10
32	https://www.gofundme.com/paulsanchezfamilywi	Memorial	10
33	https://www.gofundme.com/supporting-hari-s-family	Memorial	11
34	https://www.gofundme.com/ari-avellino	Memorial	11
35	https://www.gofundme.com/princethomas	Memorial	11
36	https://www.gofundme.com/5q52r0w	Memorial	12
37	https://www.gofundme.com/help-support-srikanth039s-family	Memorial	12
38	https://www.gofundme.com/mj4m8	Memorial	12
39	https://www.gofundme.com/coleman-family-boat-accident	Memorial	13
40	https://www.gofundme.com/timdeboom	Memorial	13
41	https://www.gofundme.com/5sn7lmo	Memorial	13
42	https://www.gofundme.com/miranda-cracraft-memorial-fund	Memorial	14
43	https://www.gofundme.com/the-singleton-family	Memorial	14
44	https://www.gofundme.com/kayden039s-korner	Memorial	14
45	https://www.gofundme.com/help-the-anthony-s-house-family	Memorial	15
46	https://www.gofundme.com/albert-yin-memorial-fund	Memorial	15
47	https://www.gofundme.com/funeral-for-anand	Memorial	15
48	https://www.gofundme.com/officer-joe-lomuscio-family-fund	Memorial	16
49	https://www.gofundme.com/garrett-mathiasmathias-family	Memorial	16
50	https://www.gofundme.com/support-fund-for-joe-murphy-amp-sons	Memorial	16
51	https://www.gofundme.com/brendonwhitney	Memorial	17
52	https://www.gofundme.com/bereaving-inbaraj-vedasagayam	Memorial	17
53	https://www.gofundme.com/jessica-philip	Memorial	17
54	https://www.gofundme.com/sgt-daniel-baker	Memorial	18
55	https://www.gofundme.com/in-memory-of-alex-hayden	Memorial	18
56	https://www.gofundme.com/linda-zell-randall-memorial-fund	Memorial	18
57	https://www.gofundme.com/the-lydia-ghergis-memorial-fund	Memorial	19
58	https://www.gofundme.com/mccullough-childrens-fund	Memorial	19
59	https://www.gofundme.com/Meghan-Ryan	Memorial	19
60	https://www.gofundme.com/nakj9-dawn039s-memorial-fund	Memorial	20
61	https://www.gofundme.com/yakov-zilberstein-memorial-fund	Memorial	20
62	https://www.gofundme.com/chad-merrill-funeral-fund-etc	Memorial	20
63	https://www.gofundme.com/AlyssaLendino	Memorial	21
64	https://www.gofundme.com/in-memory-of-james-colby	Memorial	21
65	https://www.gofundme.com/emmasplan	Memorial	21
66	https://www.gofundme.com/in-support-of-lisa-neeley	Memorial	22
67	https://www.gofundme.com/in-loving-memory-of-john-xu	Memorial	22
68	https://www.gofundme.com/kate-sudano	Memorial	22
69	https://www.gofundme.com/RobertoReyesFamily	Memorial	23
70	https://www.gofundme.com/q6bjg-memorial-fund	Memorial	23
71	https://www.gofundme.com/OfficerChesna	Memorial	23
0	https://www.gofundme.com/supporting-christian-broder	Emergency	0
1	https://www.gofundme.com/hanaleihaena-flooding-fund	Emergency	0
2	https://www.gofundme.com/official-bigelow-family	Emergency	0
3	https://www.gofundme.com/supporting-the-paavola-family	Emergency	1
4	https://www.gofundme.com/support-prudhvi-kanneganti-ampfamily	Emergency	1
5	https://www.gofundme.com/lauren-amp-charles-lew	Emergency	1
6	https://www.gofundme.com/greecewildfirerelief	Emergency	2
7	https://www.gofundme.com/tcb-2018-carr-fire-fund	Emergency	2
8	https://www.gofundme.com/The-Arteaga-Family	Emergency	2
9	https://www.gofundme.com/support-for-shweta-and-shagun	Emergency	3
10	https://www.gofundme.com/getwelljonschneppfundraiser	Emergency	3
11	https://www.gofundme.com/stefanie-schaffer-and-family	Emergency	3
12	https://www.gofundme.com/jim-tidwell	Emergency	4
13	https://www.gofundme.com/MallaReddyDuggirala	Emergency	4
14	https://www.gofundme.com/kcf-disaster-relief-fund	Emergency	4
15	https://www.gofundme.com/support-for-ruchi-gupta-and-kids	Emergency	5
16	https://www.gofundme.com/sabrinamurillo-fuerzasbri	Emergency	5
17	https://www.gofundme.com/robert-guerrero	Emergency	5
18	https://www.gofundme.com/shaffermemorial	Emergency	6
19	https://www.gofundme.com/9nqyt-bring-bryce-back	Emergency	6
20	https://www.gofundme.com/help-the-manteufel-family	Emergency	6
21	https://www.gofundme.com/wolwark-tragedy	Emergency	7
22	https://www.gofundme.com/nolan-sprague	Emergency	7
23	https://www.gofundme.com/eastpoint-fire-victim-relief-fund	Emergency	7
24	https://www.gofundme.com/z3eeaq-this-family-needs-our-help	Emergency	8
25	https://www.gofundme.com/Help-Keep-Dario-Strong	Emergency	8
26	https://www.gofundme.com/in-memory-of-giang-ho	Emergency	8
27	https://www.gofundme.com/thatcher-markham-fundraiser	Emergency	9
28	https://www.gofundme.com/brandon-c-brownfield	Emergency	9
29	https://www.gofundme.com/nemanja-spasic-memorial-fund	Emergency	9
30	https://www.gofundme.com/justice-for-nia-wilson	Emergency	10
31	https://www.gofundme.com/help-russell-amp-daryl	Emergency	10
32	https://www.gofundme.com/warner-family-care-fund-austin-tx	Emergency	10
33	https://www.gofundme.com/help-kara-gbs	Emergency	11
34	https://www.gofundme.com/bereavement-funds-for-braden-varney	Emergency	11
35	https://www.gofundme.com/RiveraFamilyImpact	Emergency	11
36	https://www.gofundme.com/support-sami-fagen	Emergency	12
37	https://www.gofundme.com/in-memory-of-rajkiran-gottipati	Emergency	12
38	https://www.gofundme.com/family-of-jessica-reisinger	Emergency	12
39	https://www.gofundme.com/kystie039s-best-defense	Emergency	13
40	https://www.gofundme.com/ed-bledsoe-and-family-lost-all	Emergency	13
41	https://www.gofundme.com/duncan-kids-fund	Emergency	13
42	https://www.gofundme.com/holtfamilygofundme	Emergency	14
43	https://www.gofundme.com/support-for-nick-kauls	Emergency	14
44	https://www.gofundme.com/support-gillaspie-family	Emergency	14
45	https://www.gofundme.com/982pa-bring-alex-home	Emergency	15
46	https://www.gofundme.com/nicks-road-to-rehabilitation	Emergency	15
47	https://www.gofundme.com/jon-lange-shooting-victim-support	Emergency	15
48	https://www.gofundme.com/anthony039s-emergency-surgery-help	Emergency	16
49	https://www.gofundme.com/Hawaiinaturaldisastersrelief	Emergency	16
50	https://www.gofundme.com/7unsed-support-the-green-family	Emergency	16
51	https://www.gofundme.com/help-our-downed-officer-and-his-fam	Emergency	17
52	https://www.gofundme.com/please-help-the-wysocki-family	Emergency	17
53	https://www.gofundme.com/support-family-of-jinu-joseph	Emergency	17
54	https://www.gofundme.com/help-amber-rebuild	Emergency	18
55	https://www.gofundme.com/JasonJohnsonForever41	Emergency	18
56	https://www.gofundme.com/help-ivan-galarza	Emergency	18
57	https://www.gofundme.com/help-officer-basurto-and-his-family	Emergency	19
58	https://www.gofundme.com/24dvh5h8	Emergency	19
59	https://www.gofundme.com/support-al-gury	Emergency	19
60	https://www.gofundme.com/bv5cn-justice-for-aaron	Emergency	20
61	https://www.gofundme.com/martinez-family-support	Emergency	20
62	https://www.gofundme.com/LMFWater	Emergency	20
63	https://www.gofundme.com/f82p95-help-the-hernandez-family	Emergency	21
64	https://www.gofundme.com/help-cash-young	Emergency	21
65	https://www.gofundme.com/will-will-walk	Emergency	21
66	https://www.gofundme.com/julien-recovery-and-home-plan	Emergency	22
67	https://www.gofundme.com/cqwag-unforeseen-medical-expenses	Emergency	22
68	https://www.gofundme.com/sierra-dani-pedroza-recovery-fund	Emergency	22
69	https://www.gofundme.com/dashboard-tykce-child-care-share	Emergency	23
70	https://www.gofundme.com/kainth-family-fire-tragedy	Emergency	23
71	https://www.gofundme.com/ericsolomonmedicalemergency	Emergency	23
0	https://www.gofundme.com/savingcarter	Charity	0
1	https://www.gofundme.com/stfe54-yemen-is-starving	Charity	0
2	https://www.gofundme.com/kaitlyn-lally-memorial-fundraiser	Charity	0
3	https://www.gofundme.com/ofc-kevin-valencia-wounded-hero	Charity	1
4	https://www.gofundme.com/EHRvetbillhelp	Charity	1
5	https://www.gofundme.com/show-love-fight-hunger	Charity	1
6	https://www.gofundme.com/scott-beigel-memorial-fund	Charity	2
7	https://www.gofundme.com/changetheref	Charity	2
8	https://www.gofundme.com/riley-rutenberg-charity	Charity	2
9	https://www.gofundme.com/human-rights-defenders	Charity	3
10	https://www.gofundme.com/holistic-learning-sanctuary	Charity	3
11	https://www.gofundme.com/shine-msd	Charity	3
12	https://www.gofundme.com/humanitarian-respite-center	Charity	4
13	https://www.gofundme.com/SaveChildrenInSyria	Charity	4
14	https://www.gofundme.com/livingplanetaquarium	Charity	4
15	https://www.gofundme.com/TransPrideSeattle2018	Charity	5
16	https://www.gofundme.com/support-paramus-east-brook-families	Charity	5
17	https://www.gofundme.com/goafencefund	Charity	5
18	https://www.gofundme.com/ScreenJunkiesWomenInFilm	Charity	6
19	https://www.gofundme.com/Dominion-GoAllIn	Charity	6
20	https://www.gofundme.com/liamslunchesoflove	Charity	6
21	https://www.gofundme.com/the-leo-project	Charity	7
22	https://www.gofundme.com/sockit2huntersyndrome	Charity	7
23	https://www.gofundme.com/helplbf	Charity	7
24	https://www.gofundme.com/mejar-singh-kamalpur-sangrur	Charity	8
25	https://www.gofundme.com/grace-cancer-screening-bus	Charity	8
26	https://www.gofundme.com/purdjq-defend-communication-rights	Charity	8
27	https://www.gofundme.com/brittany-k-boegel-giving-fund	Charity	9
28	https://www.gofundme.com/rememberingsean	Charity	9
29	https://www.gofundme.com/ebadur-rahman-islamic-center	Charity	9
30	https://www.gofundme.com/az-exotic-bird-rescue-aviaries	Charity	10
31	https://www.gofundme.com/chris-wilcox-reel-2-real-foundatio	Charity	10
32	https://www.gofundme.com/march-for-our-lives-nashville	Charity	10
33	https://www.gofundme.com/thescootyfund	Charity	11
34	https://www.gofundme.com/we-stand-together-with-igal	Charity	11
35	https://www.gofundme.com/bendidgo3-0	Charity	11
36	https://www.gofundme.com/mtanewhome	Charity	12
37	https://www.gofundme.com/jamal-foundation	Charity	12
38	https://www.gofundme.com/18forJoaquinOliver	Charity	12
39	https://www.gofundme.com/cm625-water	Charity	13
40	https://www.gofundme.com/swimcatalinaforleukemia	Charity	13
41	https://www.gofundme.com/2018-a-shot-for-life-challenge	Charity	13
42	https://www.gofundme.com/Adrienne-sBdayWish	Charity	14
43	https://www.gofundme.com/vimal-gopal	Charity	14
44	https://www.gofundme.com/support-msd-shooting-victims039-fund	Charity	14
45	https://www.gofundme.com/selinamemorialfund	Charity	15
46	https://www.gofundme.com/oncue-related-charities	Charity	15
47	https://www.gofundme.com/577vdeg	Charity	15
48	https://www.gofundme.com/the-mitchell-chang-foundation	Charity	16
49	https://www.gofundme.com/statement-arts-college-prep-2018	Charity	16
50	https://www.gofundme.com/www-vtfsc-com	Charity	16
51	https://www.gofundme.com/fox-river-trolley-museum	Charity	17
52	https://www.gofundme.com/-i-believe-you	Charity	17
53	https://www.gofundme.com/austin-rowing-club-replace-boats	Charity	17
54	https://www.gofundme.com/roi-festival	Charity	18
55	https://www.gofundme.com/immigrant-legal-defense-fund	Charity	18
56	https://www.gofundme.com/30yearsofscarecrow	Charity	18
57	https://www.gofundme.com/chesedfund	Charity	19
58	https://www.gofundme.com/crisis-text-line-fundraiser	Charity	19
59	https://www.gofundme.com/nicholas-lombardi-memorial-fund	Charity	19
60	https://www.gofundme.com/bringing-inner-peace-to-the-streets	Charity	20
61	https://www.gofundme.com/ccs-showers	Charity	20
62	https://www.gofundme.com/patrol-officer-vu-nguyen-memorial	Charity	20
63	https://www.gofundme.com/chandlerlangloisscholarshipfund	Charity	21
64	https://www.gofundme.com/skateqilya-summer-camp-2018	Charity	21
65	https://www.gofundme.com/flyhightycho	Charity	21
66	https://www.gofundme.com/EnesKanterWildFireFund	Charity	22
67	https://www.gofundme.com/davidlebow	Charity	22
68	https://www.gofundme.com/mary-bird-perkins-cancer-center	Charity	22
69	https://www.gofundme.com/morning-sun-mindfulness-center	Charity	23
70	https://www.gofundme.com/johndeerealaska	Charity	23
71	https://www.gofundme.com/safeschoolsforalex	Charity	23
0	https://www.gofundme.com/loving-memory-of-ernesto-magallon	Education	0
1	https://www.gofundme.com/SamiHamade	Education	0
2	https://www.gofundme.com/JaimesGirls	Education	0
3	https://www.gofundme.com/8wxzy-rebuilding-our-school	Education	1
4	https://www.gofundme.com/russell-is-going-to-baylor	Education	1
5	https://www.gofundme.com/lucas-justiniano-education-fund	Education	1
6	https://www.gofundme.com/for-039kaity-girl039	Education	2
7	https://www.gofundme.com/calder-education-fund	Education	2
8	https://www.gofundme.com/carl-thomas-korpi-scholarship-fund	Education	2
9	https://www.gofundme.com/ccfdcamelo	Education	3
10	https://www.gofundme.com/kyra-chan-scholarship-fund	Education	3
11	https://www.gofundme.com/help-brent-get-a-new-shop	Education	3
12	https://www.gofundme.com/venky-venkatesan-memorial-fund	Education	4
13	https://www.gofundme.com/br2jpn	Education	4
14	https://www.gofundme.com/isaac-amp-eddie-tipping-college-fund	Education	4
15	https://www.gofundme.com/fundraiser-for-mike-paukstis	Education	5
16	https://www.gofundme.com/goudie-education-fund	Education	5
17	https://www.gofundme.com/help-save-st-edwards	Education	5
18	https://www.gofundme.com/he039s-headed-to-harvard	Education	6
19	https://www.gofundme.com/the-byron-womack-scholarship-fund	Education	6
20	https://www.gofundme.com/michael-brand-family-fund	Education	6
21	https://www.gofundme.com/cadowcollegefund	Education	7
22	https://www.gofundme.com/wenhui-shen-education-fund	Education	7
23	https://www.gofundme.com/om-amp-taara039s-educational-fund	Education	7
24	https://www.gofundme.com/ella-and-noah-college-fund	Education	8
25	https://www.gofundme.com/school-fund-for-kai-and-lukas	Education	8
26	https://www.gofundme.com/brian-stones-legacy-fund	Education	8
27	https://www.gofundme.com/5fgoozs	Education	9
28	https://www.gofundme.com/mjbrogan	Education	9
29	https://www.gofundme.com/in-memory-of-sri-raghav-bhattar	Education	9
30	https://www.gofundme.com/treehouse-in-memory-of-jim-barton	Education	10
31	https://www.gofundme.com/mitiku	Education	10
32	https://www.gofundme.com/OLA-Teachers	Education	10
33	https://www.gofundme.com/brian-fritts-memorial-fund	Education	11
34	https://www.gofundme.com/anderson-girlscollegefund	Education	11
35	https://www.gofundme.com/zach-adams-education-fund	Education	11
36	https://www.gofundme.com/sepp-education-fund	Education	12
37	https://www.gofundme.com/paul-harris-memorial	Education	12
38	https://www.gofundme.com/pazchildrenfund	Education	12
39	https://www.gofundme.com/st-anthony-academy-save-our-school	Education	13
40	https://www.gofundme.com/dutton-children-education-fund	Education	13
41	https://www.gofundme.com/560cga0	Education	13
42	https://www.gofundme.com/2ug2h9-anbarasi039s-child-education-support	Education	14
43	https://www.gofundme.com/the-brady-conlin-education-trust	Education	14
44	https://www.gofundme.com/jake-grivas-college-fund	Education	14
45	https://www.gofundme.com/cannizzaro-children-education-fund	Education	15
46	https://www.gofundme.com/patrickcoreym2018	Education	15
47	https://www.gofundme.com/chris-morgen-educational-fund	Education	15
48	https://www.gofundme.com/joe-ledesma-memorial-fund	Education	16
49	https://www.gofundme.com/nickdelapava	Education	16
50	https://www.gofundme.com/kirk-boys-college-fund	Education	16
51	https://www.gofundme.com/wevegotyourback-backpackdrive	Education	17
52	https://www.gofundme.com/cfhe2-eric-thomas	Education	17
53	https://www.gofundme.com/59vd3g0	Education	17
54	https://www.gofundme.com/reading-with-rebecca	Education	18
55	https://www.gofundme.com/priya-nagar-md-foundation	Education	18
56	https://www.gofundme.com/education-fund-for-phoenix-cardwell	Education	18
57	https://www.gofundme.com/lion-pride-scholarship	Education	19
58	https://www.gofundme.com/brinson-kids-education-fund	Education	19
59	https://www.gofundme.com/falco-family-fund	Education	19
60	https://www.gofundme.com/save-lutfis-degree	Education	20
61	https://www.gofundme.com/pacificpoint2018	Education	20
62	https://www.gofundme.com/kevin039s-13-year-commitment	Education	20
63	https://www.gofundme.com/get-garang-to-emory	Education	21
64	https://www.gofundme.com/emily-and-evelyns-future	Education	21
65	https://www.gofundme.com/sponsorkaihan	Education	21
66	https://www.gofundme.com/gcnstheannamengualplayground	Education	22
67	https://www.gofundme.com/john-peterson-memorial-fund	Education	22
68	https://www.gofundme.com/Katie-Witzell-Education-Fund	Education	22
69	https://www.gofundme.com/education-fund-for-maureen-campbell	Education	23
70	https://www.gofundme.com/sophisgift	Education	23
71	https://www.gofundme.com/african-literacy-project-2018	Education	23
0	https://www.gofundme.com/peterstrzok	Animals	0
1	https://www.gofundme.com/Nashville-shooting-victim	Animals	0
2	https://www.gofundme.com/jim-tidwell	Animals	0
3	https://www.gofundme.com/supportadriencosta	Animals	1
4	https://www.gofundme.com/kevin-hertzog	Animals	1
5	https://www.gofundme.com/my-addys-hearing-aids	Animals	1
6	https://www.gofundme.com/u4c5v-get-kyle-back-on-his-feet	Animals	2
7	https://www.gofundme.com/christian-coleman039s-stolen-property	Animals	2
8	https://www.gofundme.com/3hwsz-rent-and-food	Animals	2
9	https://www.gofundme.com/nycgoodsamiritan	Animals	3
0	https://www.gofundme.com/waam-radio-fm-transmitter	Business	0
1	https://www.gofundme.com/downtown-yarns-for-the-future	Business	0
2	https://www.gofundme.com/protect-our-independent-bookstore	Business	0
3	https://www.gofundme.com/savejhu	Business	1
4	https://www.gofundme.com/save-the-1940-roast-grill-raleigh	Business	1
5	https://www.gofundme.com/9nhbh4-save-byws	Business	1
6	https://www.gofundme.com/help-miss-fit	Business	2
7	https://www.gofundme.com/DiversityInTech	Business	2
8	https://www.gofundme.com/EOSvotingportal	Business	2
9	https://www.gofundme.com/savethetradingpost	Business	3
10	https://www.gofundme.com/help-save-apex-louisville	Business	3
11	https://www.gofundme.com/baology-A-Year-of-Brick-Walls	Business	3
12	https://www.gofundme.com/astipatio	Business	4
13	https://www.gofundme.com/saved-rounds	Business	4
14	https://www.gofundme.com/saving-checkmate	Business	4
15	https://www.gofundme.com/save-a-made-usa-institution	Business	5
16	https://www.gofundme.com/help-rebuild-mercer-st-dance-hall	Business	5
17	https://www.gofundme.com/invest-in-wimpy039s-marina-cafe	Business	5
18	https://www.gofundme.com/travisdreamsofhoneybees	Business	6
19	https://www.gofundme.com/looopclothing	Business	6
20	https://www.gofundme.com/nwkwum-save-the-bear-trap	Business	6
21	https://www.gofundme.com/marco-the-theraputic-robot	Business	7
22	https://www.gofundme.com/america-first-media-investigations	Business	7
23	https://www.gofundme.com/supportsprout	Business	7
24	https://www.gofundme.com/Revolutionariotacos	Business	8
25	https://www.gofundme.com/help-wastenot-go-electric	Business	8
26	https://www.gofundme.com/save-twin-cities-leather-amp-latte	Business	8
27	https://www.gofundme.com/bookman-on-the-move	Business	9
28	https://www.gofundme.com/brewinguphope	Business	9
29	https://www.gofundme.com/kela-tennis-bubble-restoration	Business	9
30	https://www.gofundme.com/lomar-barnrevival	Business	10
31	https://www.gofundme.com/refugeefamilyhelp	Business	10
32	https://www.gofundme.com/pollpit	Business	10
33	https://www.gofundme.com/homestreethomecafe	Business	11
34	https://www.gofundme.com/themugfordeatery	Business	11
35	https://www.gofundme.com/let039s-get-pizza-night-back	Business	11
36	https://www.gofundme.com/get-vegan-van-back-on-the-road	Business	12
37	https://www.gofundme.com/help-kevin-and-g-deep-blue	Business	12
38	https://www.gofundme.com/lisette-melendez-today	Business	12
39	https://www.gofundme.com/danielle039s-dream-project	Business	13
40	https://www.gofundme.com/chopshopatl	Business	13
41	https://www.gofundme.com/dr-belfiore-needs-our-help	Business	13
42	https://www.gofundme.com/live-co-coffee	Business	14
43	https://www.gofundme.com/saverecordstoreday	Business	14
44	https://www.gofundme.com/lawn-equipment-stolen	Business	14
45	https://www.gofundme.com/THEWEEDTUBE	Business	15
46	https://www.gofundme.com/our-troops-services	Business	15
47	https://www.gofundme.com/put-the-well-in-wellstone-farm	Business	15
48	https://www.gofundme.com/support-mc-chris	Business	16
49	https://www.gofundme.com/rafter039s-tavern	Business	16
50	https://www.gofundme.com/loveforaimeslove	Business	16
51	https://www.gofundme.com/love-yaynay	Business	17
52	https://www.gofundme.com/MandelaGrocery	Business	17
53	https://www.gofundme.com/chkafundraiser1	Business	17
54	https://www.gofundme.com/help-finish-my-workshop	Business	18
55	https://www.gofundme.com/savethepbb	Business	18
56	https://www.gofundme.com/thecookandthecarpenterbakeshop	Business	18
57	https://www.gofundme.com/coopergilbert	Business	19
58	https://www.gofundme.com/CarcosaClub	Business	19
59	https://www.gofundme.com/fledging-crow-needs-a-van	Business	19
60	https://www.gofundme.com/the-birth-center-needs-your-help	Business	20
61	https://www.gofundme.com/Bone-InKitchen	Business	20
62	https://www.gofundme.com/keep-a-small-town-newspaper-alive	Business	20
63	https://www.gofundme.com/sucasa-ellicottcity	Business	21
64	https://www.gofundme.com/save-the-mahoning-marquee	Business	21
65	https://www.gofundme.com/moshood	Business	21
66	https://www.gofundme.com/rolling-truck-disaster-fund	Business	22
67	https://www.gofundme.com/an-engine-to-keep-us-baking-pizza	Business	22
68	https://www.gofundme.com/ramblin-rose-hat-co	Business	22
69	https://www.gofundme.com/keep-dos-tiburones-afloat	Business	23
70	https://www.gofundme.com/rosie039s-wild-flour	Business	23
71	https://www.gofundme.com/investacure-pbc	Business	23
0	https://www.gofundme.com/8psm8-march-for-our-lives	Community	0
1	https://www.gofundme.com/houses4rohingya	Community	0
2	https://www.gofundme.com/michael-caputo-legal-fund	Community	0
3	https://www.gofundme.com/help-the-waffle-house-hero	Community	1
4	https://www.gofundme.com/msdstudentsfund	Community	1
5	https://www.gofundme.com/saveourneighborhood	Community	1
6	https://www.gofundme.com/cleve-williams-basalt-firefighter	Community	2
7	https://www.gofundme.com/contribution-fund-for-gary-douglas	Community	2
8	https://www.gofundme.com/whitaker-family-support	Community	2
9	https://www.gofundme.com/puuhonuaopuna	Community	3
10	https://www.gofundme.com/memphis-budget-replenishment	Community	3
11	https://www.gofundme.com/support-stoughton-families	Community	3
12	https://www.gofundme.com/leave-it-better-than-you-found-it	Community	4
13	https://www.gofundme.com/lake-nacimiento-save-the-dragon	Community	4
14	https://www.gofundme.com/gk9rj-aid-for-families-affected-by-raid	Community	4
15	https://www.gofundme.com/reggie-boyz-lawn-service	Community	5
16	https://www.gofundme.com/march-for-our-lives-seattle	Community	5
17	https://www.gofundme.com/dries-family-support-fund	Community	5
18	https://www.gofundme.com/supportarmando	Community	6
19	https://www.gofundme.com/support-fallen-afghan-journalists	Community	6
20	https://www.gofundme.com/keep-this-great-family-together	Community	6
21	https://www.gofundme.com/supporting-pablo-and-his-family	Community	7
22	https://www.gofundme.com/EdHome	Community	7
23	https://www.gofundme.com/Nantucket-Tipping-Point	Community	7
24	https://www.gofundme.com/mrstevedelrey	Community	8
25	https://www.gofundme.com/tightshift	Community	8
26	https://www.gofundme.com/squatchy039s-bbq-rebuild-campaign	Community	8
27	https://www.gofundme.com/HelpLosAlamitos	Community	9
28	https://www.gofundme.com/marin-city-summer-camp-for-kids	Community	9
29	https://www.gofundme.com/supportforcara	Community	9
30	https://www.gofundme.com/river-amp-wilder-ketterer	Community	10
31	https://www.gofundme.com/let039s-take-care-of-all-oc-kids	Community	10
32	https://www.gofundme.com/mfolparkland	Community	10
33	https://www.gofundme.com/savememphisart	Community	11
34	https://www.gofundme.com/Hermitagef-bfamily	Community	11
35	https://www.gofundme.com/8sest-the-webb-family	Community	11
36	https://www.gofundme.com/help-us-keep-estefania	Community	12
37	https://www.gofundme.com/bob-vassar-donation-fund	Community	12
38	https://www.gofundme.com/once-somerville	Community	12
39	https://www.gofundme.com/x8qwtf-kennys-funeral	Community	13
40	https://www.gofundme.com/wehavestories	Community	13
41	https://www.gofundme.com/friends-of-the-twomey-family	Community	13
42	https://www.gofundme.com/rolfes-campaign	Community	14
43	https://www.gofundme.com/ms-davidson	Community	14
44	https://www.gofundme.com/ted-brennan-paying-it-forward	Community	14
45	https://www.gofundme.com/20percentcounts	Community	15
46	https://www.gofundme.com/help-colonel-mike-from-homelessness	Community	15
47	https://www.gofundme.com/frasierfirefund	Community	15
48	https://www.gofundme.com/Move4Maddie	Community	16
49	https://www.gofundme.com/marco-senghor-legal-defense-fund	Community	16
50	https://www.gofundme.com/design-build-community-kitchen	Community	16
51	https://www.gofundme.com/a-community-barn-raising	Community	17
52	https://www.gofundme.com/ashton-boyer-englewood-fl	Community	17
53	https://www.gofundme.com/hanalei-bay-resort-associate-relief	Community	17
54	https://www.gofundme.com/buffalo-mountain-fire-appreciation	Community	18
55	https://www.gofundme.com/andre-magali	Community	18
56	https://www.gofundme.com/59idezs	Community	18
57	https://www.gofundme.com/heatherscullion	Community	19
58	https://www.gofundme.com/xaajdf-kings-bay-plowshares-support-fund	Community	19
59	https://www.gofundme.com/pracadecascais	Community	19
60	https://www.gofundme.com/2018-july-4th-fireworks-celebration	Community	20
61	https://www.gofundme.com/Fallen-heroes106RQW	Community	20
62	https://www.gofundme.com/stroheckers	Community	20
63	https://www.gofundme.com/support-for-coach-pete	Community	21
64	https://www.gofundme.com/josephine-the-tumor-warrior	Community	21
65	https://www.gofundme.com/phxmarchforlives	Community	21
66	https://www.gofundme.com/floridalei	Community	22
67	https://www.gofundme.com/Easterson	Community	22
68	https://www.gofundme.com/billie-mcgruder-house-fund	Community	22
69	https://www.gofundme.com/border-detention-ctr-child-advocacy	Community	23
70	https://www.gofundme.com/love-amp-support-for-carla-amp-family	Community	23
71	https://www.gofundme.com/new-working-dog-for-curt-martinez	Community	23
0	https://www.gofundme.com/Project212JourneytoHouston	Competition	0
1	https://www.gofundme.com/michaelaspageantjourney	Competition	0
2	https://www.gofundme.com/help-twisters-follow-their-dream	Competition	0
3	https://www.gofundme.com/alaska-allstar-14u-t2	Competition	1
4	https://www.gofundme.com/jskmotoco	Competition	1
5	https://www.gofundme.com/team-traveling-to-nationals	Competition	1
6	https://www.gofundme.com/bmk-silver-showcase-for-aclu	Competition	2
7	https://www.gofundme.com/send-ben-to-germany-for-bach	Competition	2
8	https://www.gofundme.com/our-odyssey-team-needs-your-help	Competition	2
9	https://www.gofundme.com/normnelsoncannonball18	Competition	3
10	https://www.gofundme.com/delaney-young-riders-2018	Competition	3
11	https://www.gofundme.com/island-school-mock-trial-2018	Competition	3
12	https://www.gofundme.com/future-inventors	Competition	4
13	https://www.gofundme.com/5p6e5ns	Competition	4
14	https://www.gofundme.com/clifton-softball-trip-to-mass	Competition	4
15	https://www.gofundme.com/dragon-scales-travelalbum-fund	Competition	5
16	https://www.gofundme.com/help-off-broadway-dancers	Competition	5
17	https://www.gofundme.com/v4hjr-help-us-get-to-tennessee	Competition	5
18	https://www.gofundme.com/glebe-odyssey-world-finals-trip	Competition	6
19	https://www.gofundme.com/send-goff-scioly-team-to-colorado	Competition	6
20	https://www.gofundme.com/hsfloridamocktrialchamps	Competition	6
21	https://www.gofundme.com/help-ucsd-mocktrial-go-to-nationals	Competition	7
22	https://www.gofundme.com/sendjay2play	Competition	7
23	https://www.gofundme.com/help-the-party-potatoes-go-to-tn	Competition	7
24	https://www.gofundme.com/ThinkTankNaples2018	Competition	8
25	https://www.gofundme.com/GOODonate	Competition	8
26	https://www.gofundme.com/help-get-rita-to-world-championship	Competition	8
27	https://www.gofundme.com/acme-robotics-worlds-trip	Competition	9
28	https://www.gofundme.com/x6z8fm-helping-an-old-friend	Competition	9
29	https://www.gofundme.com/hy2ece-odyssey-of-the-mind-world-finals	Competition	9
30	https://www.gofundme.com/kieren-dreams-of-pageants	Competition	10
31	https://www.gofundme.com/eyzzm-la-nationals	Competition	10
32	https://www.gofundme.com/asds-dance-team	Competition	10
33	https://www.gofundme.com/charnellformissblackamerica2018	Competition	11
34	https://www.gofundme.com/SendPeyton	Competition	11
35	https://www.gofundme.com/sendStuyPulsetoChamps	Competition	11
36	https://www.gofundme.com/allnight-yahtzee-go-to-finals	Competition	12
37	https://www.gofundme.com/send-watertown-di-to-global-finals	Competition	12
38	https://www.gofundme.com/competition-civics-nationals-2018	Competition	12
39	https://www.gofundme.com/laurens-taekwondo-journey	Competition	13
40	https://www.gofundme.com/us-sr-amateur	Competition	13
41	https://www.gofundme.com/international-travel-fund	Competition	13
42	https://www.gofundme.com/world-cup-barcelona-2018	Competition	14
43	https://www.gofundme.com/sonic-boom-robotics	Competition	14
44	https://www.gofundme.com/supportteamilahi	Competition	14
45	https://www.gofundme.com/rkspeechblkmke	Competition	15
46	https://www.gofundme.com/bshs-odyssey-2018	Competition	15
47	https://www.gofundme.com/stab2018	Competition	15
48	https://www.gofundme.com/victoriav-to-womens-world-hot-air-balloon-2018	Competition	16
49	https://www.gofundme.com/mary-ruth-world-equestrian-games	Competition	16
50	https://www.gofundme.com/ypfrdp-the-road-to-nationals	Competition	16
51	https://www.gofundme.com/luis-david-y-el-sueno-de-mama	Competition	17
52	https://www.gofundme.com/support-wayland-wildcats-6090	Competition	17
53	https://www.gofundme.com/klm-cheerleaders-road-to-nationals	Competition	17
54	https://www.gofundme.com/DreadbotsTeam3656	Competition	18
55	https://www.gofundme.com/help-lhms-get-to-ootm-world-finals	Competition	18
56	https://www.gofundme.com/send-keith-warrick-to-austria	Competition	18
57	https://www.gofundme.com/tina-burner-miss-comedy-queen-2018	Competition	19
58	https://www.gofundme.com/ms-woman-california	Competition	19
59	https://www.gofundme.com/kentucky-three-day-event-fundraiser	Competition	19
60	https://www.gofundme.com/rooseveltyouthtrack	Competition	20
61	https://www.gofundme.com/jake-davidson-junior-olympics	Competition	20
62	https://www.gofundme.com/juliana039s-ntl-invention-convention	Competition	20
63	https://www.gofundme.com/hrs-for-breast-cancer	Competition	21
64	https://www.gofundme.com/SCFRegionalsTeam	Competition	21
65	https://www.gofundme.com/royal-outlawz-virginia-trip	Competition	21
66	https://www.gofundme.com/swarm-957-to-world-championships	Competition	22
67	https://www.gofundme.com/bboypiccolo	Competition	22
68	https://www.gofundme.com/scvcacaopen	Competition	22
69	https://www.gofundme.com/sa6xr7-national-american-miss-pageant	Competition	23
70	https://www.gofundme.com/honey-bee-rescue-project	Competition	23
71	https://www.gofundme.com/northview-odyssey-world-finals	Competition	23
0	https://www.gofundme.com/roevwademovie	Creative	0
1	https://www.gofundme.com/urbandeath	Creative	0
2	https://www.gofundme.com/dot-goes-to-burningman	Creative	0
3	https://www.gofundme.com/gerald-obah-danceworks-legacy	Creative	1
4	https://www.gofundme.com/dummycrats	Creative	1
5	https://www.gofundme.com/strangeroutofyou	Creative	1
6	https://www.gofundme.com/simonsonlegacyproject	Creative	2
7	https://www.gofundme.com/big-bend-blues-society-bbc-fund	Creative	2
8	https://www.gofundme.com/31daysinmay	Creative	2
9	https://www.gofundme.com/b2ec7n-a-chance-to-give-back	Creative	3
10	https://www.gofundme.com/boogiezoneforever	Creative	3
11	https://www.gofundme.com/help-fred-amp-paul-save-the-universe	Creative	3
12	https://www.gofundme.com/thestonefoxesgearfund	Creative	4
13	https://www.gofundme.com/RHINOMan	Creative	4
14	https://www.gofundme.com/jordan-lovelace-relief-fund	Creative	4
15	https://www.gofundme.com/michael-nigo-poor-people039s-campaign	Creative	5
16	https://www.gofundme.com/new-orleans-suspects-stolen-gear	Creative	5
17	https://www.gofundme.com/shuktarafilm	Creative	5
18	https://www.gofundme.com/save-the-goss-opera-house	Creative	6
19	https://www.gofundme.com/struggleing-fyc	Creative	6
20	https://www.gofundme.com/the-world-united-in-song	Creative	6
21	https://www.gofundme.com/jenfellman	Creative	7
22	https://www.gofundme.com/sendouroaklandscholarstocuba	Creative	7
23	https://www.gofundme.com/save-kals-robots	Creative	7
24	https://www.gofundme.com/mayoredlee	Creative	8
25	https://www.gofundme.com/s7c7t7-homewrecker	Creative	8
26	https://www.gofundme.com/dayshell-album-3	Creative	8
27	https://www.gofundme.com/music-army-let039s-pass-the-mma	Creative	9
28	https://www.gofundme.com/arielmirandafatepilot	Creative	9
29	https://www.gofundme.com/Lodestar-at-Burning-Man	Creative	9
30	https://www.gofundme.com/publishing-the-divine-feminine	Creative	10
31	https://www.gofundme.com/technogecko	Creative	10
32	https://www.gofundme.com/new-york-bojaira-album-project	Creative	10
33	https://www.gofundme.com/centerstagebuilding	Creative	11
34	https://www.gofundme.com/the-frozen-film	Creative	11
35	https://www.gofundme.com/tpvqcc	Creative	11
36	https://www.gofundme.com/1st-family-musical-about-disability	Creative	12
37	https://www.gofundme.com/avondalenewalbum	Creative	12
38	https://www.gofundme.com/montyfilm	Creative	12
39	https://www.gofundme.com/eternalharvestfilm	Creative	13
40	https://www.gofundme.com/lauraandandrew	Creative	13
41	https://www.gofundme.com/firstresponsecom	Creative	13
42	https://www.gofundme.com/david-z-fund	Creative	14
43	https://www.gofundme.com/mothersmilkthefilm	Creative	14
44	https://www.gofundme.com/save-the-daisies	Creative	14
45	https://www.gofundme.com/bring-lee-hildebrand-home	Creative	15
46	https://www.gofundme.com/an-artist-survives-but-needs-help	Creative	15
47	https://www.gofundme.com/theavenueblackbox	Creative	15
48	https://www.gofundme.com/huggzilla-mv	Creative	16
49	https://www.gofundme.com/bodyman	Creative	16
50	https://www.gofundme.com/5hin5dc	Creative	16
51	https://www.gofundme.com/stolen-naughty-professor-tour-van	Creative	17
52	https://www.gofundme.com/the-gunfighter-meets-his-match	Creative	17
53	https://www.gofundme.com/support-the-third-act-project	Creative	17
54	https://www.gofundme.com/new-rocky-fretz-cd	Creative	18
55	https://www.gofundme.com/5fj35ww	Creative	18
56	https://www.gofundme.com/taylorlondon	Creative	18
57	https://www.gofundme.com/power-of-deaf-girls-in-zimbabwe	Creative	19
58	https://www.gofundme.com/silver-lining-ceramics-new-studio	Creative	19
59	https://www.gofundme.com/adonis-complex	Creative	19
60	https://www.gofundme.com/new-camera-lights-video-series	Creative	20
61	https://www.gofundme.com/p7pam4-less-heat-in-arizona	Creative	20
62	https://www.gofundme.com/mother039s-day-movie-wish	Creative	20
63	https://www.gofundme.com/columbus-community-pride-2018	Creative	21
64	https://www.gofundme.com/bonfire-media	Creative	21
65	https://www.gofundme.com/quotsully-a-generals-decisionquot-film	Creative	21
66	https://www.gofundme.com/donnsdepotdoc	Creative	22
67	https://www.gofundme.com/nawic	Creative	22
68	https://www.gofundme.com/packerawfyclub	Creative	22
69	https://www.gofundme.com/vqdygf-the-carson-podcast	Creative	23
70	https://www.gofundme.com/anotherkindofgirlsummer2018	Creative	23
71	https://www.gofundme.com/madcap-or-bust	Creative	23
0	https://www.gofundme.com/march-for-our-lives-san-jose	Event	0
1	https://www.gofundme.com/madis-funding-one-last-time	Event	0
2	https://www.gofundme.com/grannies-respond	Event	0
3	https://www.gofundme.com/farewell-dr-lubarsky	Event	1
4	https://www.gofundme.com/contribute-to-caroline-kramer-faust-foundation	Event	1
5	https://www.gofundme.com/mary-ghisolfo-celebration	Event	1
6	https://www.gofundme.com/trish-duffell	Event	2
7	https://www.gofundme.com/march-for-our-lives-houston	Event	2
8	https://www.gofundme.com/ryan-conways-funeral-arrangments	Event	2
9	https://www.gofundme.com/HappyBirthdayGaryTyler	Event	3
10	https://www.gofundme.com/helpTerryRohnke	Event	3
11	https://www.gofundme.com/billnolan	Event	3
12	https://www.gofundme.com/msu-alpha-7020-anniversaries	Event	4
13	https://www.gofundme.com/mother039s-day-at-chla	Event	4
14	https://www.gofundme.com/503party2018	Event	4
15	https://www.gofundme.com/comedy-day-2018	Event	5
16	https://www.gofundme.com/AdieuDRaH	Event	5
17	https://www.gofundme.com/WilliamBrownRetirement	Event	5
18	https://www.gofundme.com/hidden-lake-4th-of-july-celabration	Event	6
19	https://www.gofundme.com/Deans-retirement	Event	6
20	https://www.gofundme.com/lfny-t18-afterprom	Event	6
21	https://www.gofundme.com/aircraft-fundraiser	Event	7
22	https://www.gofundme.com/she-recovers-in-la-scholarships	Event	7
23	https://www.gofundme.com/Send-North-Mpls-Youth-to-March-for-Our-Lives	Event	7
24	https://www.gofundme.com/terry-head039s-retirement-gift	Event	8
25	https://www.gofundme.com/stoopball-world-championship-finale	Event	8
26	https://www.gofundme.com/scn-post-prom-2018	Event	8
27	https://www.gofundme.com/NationalDieIn	Event	9
28	https://www.gofundme.com/ed-boules-laugh-priceless	Event	9
29	https://www.gofundme.com/burke-family-backyard-bd-bash	Event	9
30	https://www.gofundme.com/andy-velez	Event	10
31	https://www.gofundme.com/ron-rapoport-retirement-gift	Event	10
32	https://www.gofundme.com/EllieLilaQuezada35anniversary	Event	10
33	https://www.gofundme.com/epsilon-xi-reunion	Event	11
34	https://www.gofundme.com/2nd-annual-glenwood-park-fireworks	Event	11
35	https://www.gofundme.com/283ss4ec	Event	11
36	https://www.gofundme.com/tom-coopermike-page-wedding-gift	Event	12
37	https://www.gofundme.com/CapeCodStudentActivists	Event	12
38	https://www.gofundme.com/nycsaysenough	Event	12
39	https://www.gofundme.com/martha039s-send-off	Event	13
40	https://www.gofundme.com/July4FunStHelena	Event	13
41	https://www.gofundme.com/hawaiian-cruise-for-maureen039s-60th	Event	13
42	https://www.gofundme.com/getthekidstoprom	Event	14
43	https://www.gofundme.com/vkgkjb-march-for-our-lives-cincinnati	Event	14
44	https://www.gofundme.com/lake-fenton-fireworks-2018	Event	14
45	https://www.gofundme.com/wedding-blessings-to-those-in-need	Event	15
46	https://www.gofundme.com/march-for-our-lives-ann-arbor	Event	15
47	https://www.gofundme.com/5au8h7c	Event	15
48	https://www.gofundme.com/march-for-our-lives-avl-march	Event	16
49	https://www.gofundme.com/MA-LS-FacultyAppreciation	Event	16
50	https://www.gofundme.com/bert039s-excellent-alaskan-adventure	Event	16
51	https://www.gofundme.com/seniorclassof2018	Event	17
52	https://www.gofundme.com/gary-retirement-bicycle-gift	Event	17
53	https://www.gofundme.com/trinity039s-bucket-list	Event	17
54	https://www.gofundme.com/EHSClassof88	Event	18
55	https://www.gofundme.com/lakebuckhorn2018-fireworks-show	Event	18
56	https://www.gofundme.com/fredscampaign	Event	18
57	https://www.gofundme.com/celebration-of-shifman	Event	19
58	https://www.gofundme.com/charivari-detroit-2018	Event	19
59	https://www.gofundme.com/elizabeth-sabbatical-surprise	Event	19
60	https://www.gofundme.com/please-donate-wedding-is-on-monday	Event	20
61	https://www.gofundme.com/maxwelton-4th-of-july-parade	Event	20
62	https://www.gofundme.com/memorial-bench-fund-for-jesse	Event	20
63	https://www.gofundme.com/danny-days-of-summer	Event	21
64	https://www.gofundme.com/bring-rivers-solomon-to-the-hugos	Event	21
65	https://www.gofundme.com/sphinx-restoration-project	Event	21
66	https://www.gofundme.com/in-memory-of-richard-stamegna	Event	22
67	https://www.gofundme.com/5alecaw	Event	22
68	https://www.gofundme.com/tx-capital-walkout-for-gun-safety	Event	22
69	https://www.gofundme.com/fwws65-ths-class-of-2008-reunion	Event	23
70	https://www.gofundme.com/kyle-murray039s-goodbye-celebration	Event	23
71	https://www.gofundme.com/steve-eubank-retirement-gift-fund	Event	23
0	https://www.gofundme.com/RICS2018	Faith	0
1	https://www.gofundme.com/holmans-emergency-fund-for-seth	Faith	0
2	https://www.gofundme.com/rb4mds-hope-lives	Faith	0
3	https://www.gofundme.com/evan-smith	Faith	1
4	https://www.gofundme.com/rally-for-greta	Faith	1
5	https://www.gofundme.com/heididoesministryschool	Faith	1
6	https://www.gofundme.com/waioli-huiia	Faith	2
7	https://www.gofundme.com/church-building-for-kidane-mehret	Faith	2
8	https://www.gofundme.com/operation-joseph	Faith	2
9	https://www.gofundme.com/linda-reeve039s-grandchildren	Faith	3
10	https://www.gofundme.com/cape-town-mission	Faith	3
11	https://www.gofundme.com/garcia-mortgage-fund	Faith	3
12	https://www.gofundme.com/help-us-renovate-theabrar-masjid	Faith	4
13	https://www.gofundme.com/st-sophia-buidling-fund	Faith	4
14	https://www.gofundme.com/leopard-vision	Faith	4
15	https://www.gofundme.com/legal-defense-fund-for-fr-phillips	Faith	5
16	https://www.gofundme.com/bancroft5-ministry-house	Faith	5
17	https://www.gofundme.com/SummitCenterCommunityMakeover	Faith	5
18	https://www.gofundme.com/hkvqym-mission-to-cambodia	Faith	6
19	https://www.gofundme.com/islamic-center-of-laveen-arizona	Faith	6
20	https://www.gofundme.com/dani039s-ijm-fellowship	Faith	6
21	https://www.gofundme.com/letherstay	Faith	7
22	https://www.gofundme.com/dd492f-24	Faith	7
23	https://www.gofundme.com/romanian-orthodox-church	Faith	7
24	https://www.gofundme.com/help-save-historic-wesley-chapel	Faith	8
25	https://www.gofundme.com/publish-tage039s-story	Faith	8
26	https://www.gofundme.com/ep3dv2-church-remodeling	Faith	8
27	https://www.gofundme.com/MillaNewMission	Faith	9
28	https://www.gofundme.com/arm2arm-dominican-republic-mission-2018	Faith	9
29	https://www.gofundme.com/orthodox-pocket-gospel-book	Faith	9
30	https://www.gofundme.com/reachable-reconciliation	Faith	10
31	https://www.gofundme.com/aservicedogforlauren	Faith	10
32	https://www.gofundme.com/6b7xgm-help-for-guatemala	Faith	10
33	https://www.gofundme.com/reidandsarah	Faith	11
34	https://www.gofundme.com/zameer-on-mission-fusion	Faith	11
35	https://www.gofundme.com/emma-humphreys-to-the-mission-field	Faith	11
36	https://www.gofundme.com/7p8qwh-wedding	Faith	12
37	https://www.gofundme.com/stevefuller-in-support-of-jw	Faith	12
38	https://www.gofundme.com/kristi-carlton	Faith	12
39	https://www.gofundme.com/rebuild-rockingham-acres	Faith	13
40	https://www.gofundme.com/roberts-return-to-usa	Faith	13
41	https://www.gofundme.com/help-me-destroy-my-career-for-christ	Faith	13
42	https://www.gofundme.com/stmarysharlem	Faith	14
43	https://www.gofundme.com/kerismissionshearlove	Faith	14
44	https://www.gofundme.com/let039s-build-an-orphanagemercyhouse	Faith	14
45	https://www.gofundme.com/Echoproject	Faith	15
46	https://www.gofundme.com/NettieKenya	Faith	15
47	https://www.gofundme.com/transformnations	Faith	15
48	https://www.gofundme.com/kingdom-domain-center	Faith	16
49	https://www.gofundme.com/fpcgserveshaiti2018	Faith	16
50	https://www.gofundme.com/stetler-van-purchase	Faith	16
51	https://www.gofundme.com/st-nicholas-church-in-shonoktui	Faith	17
52	https://www.gofundme.com/support-max-on-mission	Faith	17
53	https://www.gofundme.com/help-katie-join-the-sisters-of-life	Faith	17
54	https://www.gofundme.com/wilmothgift	Faith	18
55	https://www.gofundme.com/rfg32-a-future-and-a-hope	Faith	18
56	https://www.gofundme.com/5di6r9s	Faith	18
57	https://www.gofundme.com/2wtns7-bring-norma-home	Faith	19
58	https://www.gofundme.com/58wihqo	Faith	19
59	https://www.gofundme.com/catholic-youth-leader-institute	Faith	19
60	https://www.gofundme.com/gayland-pool-ministry-fund	Faith	20
61	https://www.gofundme.com/a-beautiful-little-girl	Faith	20
62	https://www.gofundme.com/sanctuary-restoration-fund	Faith	20
63	https://www.gofundme.com/ugandatogether-mission-in-july	Faith	21
64	https://www.gofundme.com/let039s-love-our-brother	Faith	21
65	https://www.gofundme.com/taking-my-work-to-the-next-level	Faith	21
66	https://www.gofundme.com/RevRobertThompson	Faith	22
67	https://www.gofundme.com/ickspseminarian	Faith	22
68	https://www.gofundme.com/5oz0r6o	Faith	22
69	https://www.gofundme.com/ms-marita039s-house-fire	Faith	23
70	https://www.gofundme.com/the-clarks-to-michigan	Faith	23
71	https://www.gofundme.com/keeping-kids-off-dirt-floors	Faith	23
0	https://www.gofundme.com/honoring-lindsay-bugbee-crosby	Family	0
1	https://www.gofundme.com/porsha-owens-memorial-fund	Family	0
2	https://www.gofundme.com/jarrod-lyles-girls	Family	0
3	https://www.gofundme.com/owen-family-tribute	Family	1
4	https://www.gofundme.com/sergeant-christopher-sambuco	Family	1
5	https://www.gofundme.com/p368d-help-the-henry-family	Family	1
6	https://www.gofundme.com/johnatpursuehappiness	Family	2
7	https://www.gofundme.com/justice-for-gregory-hill	Family	2
8	https://www.gofundme.com/smith-twins-care-fund	Family	2
9	https://www.gofundme.com/the-kasey-chen-family	Family	3
10	https://www.gofundme.com/tx-bomb-leaves-8yr-old-daughter-wo	Family	3
11	https://www.gofundme.com/find-amp-document-separated-children	Family	3
12	https://www.gofundme.com/support-the-moreno-family	Family	4
13	https://www.gofundme.com/ronnie039s-last-wish	Family	4
14	https://www.gofundme.com/for-the-dewet-family	Family	4
15	https://www.gofundme.com/fxy2rg	Family	5
16	https://www.gofundme.com/LMFPackYourBackChallenge	Family	5
17	https://www.gofundme.com/ben-whitmer039s-family	Family	5
18	https://www.gofundme.com/for-sophie-and-michele-kennedy	Family	6
19	https://www.gofundme.com/td253-help-the-goetz-family	Family	6
20	https://www.gofundme.com/help-the-deguzmans	Family	6
21	https://www.gofundme.com/OneillBoysEducationFund	Family	7
22	https://www.gofundme.com/the-hipolito-family	Family	7
23	https://www.gofundme.com/the-hillman-family	Family	7
24	https://www.gofundme.com/care-like-a-demon	Family	8
25	https://www.gofundme.com/jenni-howemcgruder-memorial	Family	8
26	https://www.gofundme.com/the-children-of-sara-deas	Family	8
27	https://www.gofundme.com/tomarastribe-ittakesavillage	Family	9
28	https://www.gofundme.com/celebrating-john-devers-life	Family	9
29	https://www.gofundme.com/dr4qj-hilario-emergency-love-project	Family	9
30	https://www.gofundme.com/sunnybear	Family	10
31	https://www.gofundme.com/tragedy-in-child-birth	Family	10
32	https://www.gofundme.com/mitchell-quandt-memorial-fund	Family	10
33	https://www.gofundme.com/xw9p85-holland-family	Family	11
34	https://www.gofundme.com/kubota-family	Family	11
35	https://www.gofundme.com/raue-family-tragedy	Family	11
36	https://www.gofundme.com/zoe-bug	Family	12
37	https://www.gofundme.com/in-loving-memory-of-dashan-briggs	Family	12
38	https://www.gofundme.com/help-for-our-twins-boy-and-girl	Family	12
39	https://www.gofundme.com/wheels-for-abigail	Family	13
40	https://www.gofundme.com/carolyn-carr039s-cancer-crusade	Family	13
41	https://www.gofundme.com/the-elliott-ortega-family	Family	13
42	https://www.gofundme.com/JillbLB	Family	14
43	https://www.gofundme.com/fundraiser-for-joel-matuzeski	Family	14
44	https://www.gofundme.com/support-meredith-and-keaton	Family	14
45	https://www.gofundme.com/SavingSkyler	Family	15
46	https://www.gofundme.com/etta-mimi-salome-fund	Family	15
47	https://www.gofundme.com/robert-nobby-moore-memorial-fund	Family	15
48	https://www.gofundme.com/baby-marc	Family	16
49	https://www.gofundme.com/kenyon-taylor-family-fund	Family	16
50	https://www.gofundme.com/2bveqac	Family	16
51	https://www.gofundme.com/once-upon-a-farm-for-raices	Family	17
52	https://www.gofundme.com/shirley-girls	Family	17
53	https://www.gofundme.com/support-for-amy-and-brayden-muntz	Family	17
54	https://www.gofundme.com/beau-ward-family	Family	18
55	https://www.gofundme.com/in-memory-of-ellie-davis	Family	18
56	https://www.gofundme.com/travasjohns	Family	18
57	https://www.gofundme.com/bypp7-team-liam	Family	19
58	https://www.gofundme.com/hvpd2-kirby-family	Family	19
59	https://www.gofundme.com/gaawn-compassion	Family	19
60	https://www.gofundme.com/tricarico-family-comfort-care	Family	20
61	https://www.gofundme.com/stephanie-mckee	Family	20
62	https://www.gofundme.com/for-the-cristiani-family	Family	20
63	https://www.gofundme.com/f78ygd-mike-clapp039s-kids	Family	21
64	https://www.gofundme.com/amandagaunichaux	Family	21
65	https://www.gofundme.com/matias-ortega-baby-rip	Family	21
66	https://www.gofundme.com/5pe70vs	Family	22
67	https://www.gofundme.com/aidenlimforever5	Family	22
68	https://www.gofundme.com/5kboslk	Family	22
69	https://www.gofundme.com/AbdulaiOliverFamily	Family	23
70	https://www.gofundme.com/fundraiser-for-wren-pitstick	Family	23
71	https://www.gofundme.com/chris-lopez-funeral	Family	23
0	https://www.gofundme.com/joyce-amp-jim039s-house-fundraiser	Newlywed	0
1	https://www.gofundme.com/kelsteve	Newlywed	0
2	https://www.gofundme.com/andrea-adam-7718	Newlywed	0
3	https://www.gofundme.com/yesomawedding	Newlywed	1
4	https://www.gofundme.com/dear-kallah	Newlywed	1
5	https://www.gofundme.com/matt-and-lauren-tie-the-knot	Newlywed	1
6	https://www.gofundme.com/benandjemdoamerica	Newlywed	2
7	https://www.gofundme.com/destination-wedding-honeymoon	Newlywed	2
8	https://www.gofundme.com/kandkking	Newlywed	2
9	https://www.gofundme.com/yazzy-connor039s-immigration-funds	Newlywed	3
10	https://www.gofundme.com/adama-janneh	Newlywed	3
11	https://www.gofundme.com/kelsey-and-michelle039s-honeymoon	Newlywed	3
12	https://www.gofundme.com/neb3k-1	Newlywed	4
13	https://www.gofundme.com/david-and-emily039s-wedding	Newlywed	4
14	https://www.gofundme.com/greg-megans-honeymoon-fund	Newlywed	4
15	https://www.gofundme.com/constance-and-jason-honeymoon-fund	Newlywed	5
16	https://www.gofundme.com/hachnosas-kallah-two-yesomim	Newlywed	5
17	https://www.gofundme.com/movepiano-honeymoonfund	Newlywed	5
18	https://www.gofundme.com/help-our-brother-go-to-wedding	Newlywed	6
19	https://www.gofundme.com/bless-steve-and-kelsi-bailey	Newlywed	6
20	https://www.gofundme.com/PNGWedding	Newlywed	6
21	https://www.gofundme.com/HelpChrisSayIDo	Newlywed	7
22	https://www.gofundme.com/collinsfurlong-honeymoon-fund	Newlywed	7
23	https://www.gofundme.com/hachnasos-kallah	Newlywed	7
24	https://www.gofundme.com/honey-moon-gift-fund	Newlywed	8
25	https://www.gofundme.com/help-bring-liezel-to-the-us	Newlywed	8
26	https://www.gofundme.com/operation-honeymoon-gt	Newlywed	8
27	https://www.gofundme.com/patrick-amp-ashleys-wedding	Newlywed	9
28	https://www.gofundme.com/a-reception-for-paul-and-doriane	Newlywed	9
29	https://www.gofundme.com/5nltwuw	Newlywed	9
30	https://www.gofundme.com/joshua-martin-and-rebecca-lam-aug-2018	Newlywed	10
31	https://www.gofundme.com/terri-and-oskar039s-honeymoon	Newlywed	10
32	https://www.gofundme.com/verina-amp-james039-wedding	Newlywed	10
33	https://www.gofundme.com/help-twisteddisaster-get-married	Newlywed	11
34	https://www.gofundme.com/josie-and-rad039s-honeymoon	Newlywed	11
35	https://www.gofundme.com/bpbe3-hachnosas-kallah	Newlywed	11
36	https://www.gofundme.com/marissa-diego	Newlywed	12
37	https://www.gofundme.com/sam-and-tim039s-honeymoon	Newlywed	12
38	https://www.gofundme.com/qg3vw-team-thomas-wedding-gifts	Newlywed	12
39	https://www.gofundme.com/Gei-abeweddingfund	Newlywed	13
40	https://www.gofundme.com/sendkailaandfelixtoiceland	Newlywed	13
41	https://www.gofundme.com/jason-and-lottie-honeymoon-fund	Newlywed	13
42	https://www.gofundme.com/lets-get-terrence-to-my-wedding	Newlywed	14
43	https://www.gofundme.com/happilyeverguarnere	Newlywed	14
44	https://www.gofundme.com/funds-for-our-new-life-together	Newlywed	14
45	https://www.gofundme.com/barb-amp-steves-honeymoon	Newlywed	15
46	https://www.gofundme.com/AaronandLauren-sHoneymoon	Newlywed	15
47	https://www.gofundme.com/bp2-honeymoon-fund	Newlywed	15
48	https://www.gofundme.com/4mcxp-wedding-trip	Newlywed	16
49	https://www.gofundme.com/ygcy3-weddinghoneymoon-fund	Newlywed	16
50	https://www.gofundme.com/lisa-and-rick-wedding	Newlywed	16
51	https://www.gofundme.com/fenton-dream-honeymoon	Newlywed	17
52	https://www.gofundme.com/emergencyhk	Newlywed	17
53	https://www.gofundme.com/kevin-and-jessicas-wedding9718	Newlywed	17
54	https://www.gofundme.com/honeymoon2019	Newlywed	18
55	https://www.gofundme.com/eberthhoneyfund	Newlywed	18
56	https://www.gofundme.com/you-too-can-power-our-marriage	Newlywed	18
57	https://www.gofundme.com/honeymoon-that-never-was	Newlywed	19
58	https://www.gofundme.com/che039s-immigration-fund	Newlywed	19
59	https://www.gofundme.com/a-wedding-gift-for-josh-and-alexa	Newlywed	19
60	https://www.gofundme.com/debbie-and-jon039s-honeymoon-fund	Newlywed	20
61	https://www.gofundme.com/dru-and-heathers-honeymoon	Newlywed	20
62	https://www.gofundme.com/AnnelieseTJEurope	Newlywed	20
63	https://www.gofundme.com/PreciousAntwonWedding	Newlywed	21
64	https://www.gofundme.com/sam-amp-devon039s-dream-home-fund	Newlywed	21
65	https://www.gofundme.com/katie-amp-rodrigo039s-wedding	Newlywed	21
66	https://www.gofundme.com/help-us-build-our-honeymoon-home	Newlywed	22
67	https://www.gofundme.com/car-for-the-powers039	Newlywed	22
68	https://www.gofundme.com/mickunas-honeymoon	Newlywed	22
69	https://www.gofundme.com/billandkendra	Newlywed	23
70	https://www.gofundme.com/5l1cbog	Newlywed	23
71	https://www.gofundme.com/help-marcus-go-to-cowboys-game	Newlywed	23
0	https://www.gofundme.com/lc039s-fight-for-paris	Sports	0
1	https://www.gofundme.com/pmbljamaica	Sports	0
2	https://www.gofundme.com/texas-crew	Sports	0
3	https://www.gofundme.com/mid-island-allstars-2018-12u	Sports	1
4	https://www.gofundme.com/stephen-wanamaker	Sports	1
5	https://www.gofundme.com/TeamPratima	Sports	1
6	https://www.gofundme.com/save-emu-men039s-swim-and-dive	Sports	2
7	https://www.gofundme.com/dunwoody-high-athletic-lighting	Sports	2
8	https://www.gofundme.com/xhaka-shaqiri-and-lichststeriner	Sports	2
9	https://www.gofundme.com/JHLAX	Sports	3
10	https://www.gofundme.com/nh-youth-baseball-assoc-robbed	Sports	3
11	https://www.gofundme.com/koreylovett	Sports	3
12	https://www.gofundme.com/richmondcomp	Sports	4
13	https://www.gofundme.com/raising-money-for-07039-and-05039-teams	Sports	4
14	https://www.gofundme.com/save-maricopa-county-football	Sports	4
15	https://www.gofundme.com/send-our-team-to-the-world-cup	Sports	5
16	https://www.gofundme.com/world-series-bound-west-louisville	Sports	5
17	https://www.gofundme.com/ehs-sparkle-special-athlete-cheer	Sports	5
18	https://www.gofundme.com/norwalk-14u-revolution	Sports	6
19	https://www.gofundme.com/ricky-hearden	Sports	6
20	https://www.gofundme.com/usc-lacrosse-war-chest	Sports	6
21	https://www.gofundme.com/aikieast	Sports	7
22	https://www.gofundme.com/kisumu2wucc	Sports	7
23	https://www.gofundme.com/actsonationalsfundraiser	Sports	7
24	https://www.gofundme.com/fccardinalsnationals	Sports	8
25	https://www.gofundme.com/belmontshorerugby	Sports	8
26	https://www.gofundme.com/BN13Ubaseball	Sports	8
27	https://www.gofundme.com/youngbucks-national-tournaments	Sports	9
28	https://www.gofundme.com/georgetown-ultimate-nationals	Sports	9
29	https://www.gofundme.com/asianoceanic-all-stars	Sports	9
30	https://www.gofundme.com/laxtreme12uelite2018	Sports	10
31	https://www.gofundme.com/willamette-valley-world-series-2018	Sports	10
32	https://www.gofundme.com/5w9okgo	Sports	10
33	https://www.gofundme.com/mysticrugby2018	Sports	11
34	https://www.gofundme.com/road-to-the-2018-cac-games	Sports	11
35	https://www.gofundme.com/orange-kettlebell-club-has-to-move	Sports	11
36	https://www.gofundme.com/midland-midcity-5070-baseball	Sports	12
37	https://www.gofundme.com/five-cities-babe-ruth-baseball	Sports	12
38	https://www.gofundme.com/ashwest-baseball-team	Sports	12
39	https://www.gofundme.com/5ujn6uo	Sports	13
40	https://www.gofundme.com/save-the-clubs	Sports	13
41	https://www.gofundme.com/fairfieldhockey18	Sports	13
42	https://www.gofundme.com/atlantarugby2018	Sports	14
43	https://www.gofundme.com/save-long-island-scuba	Sports	14
44	https://www.gofundme.com/help-us-get-to-nationals-in-ga	Sports	14
45	https://www.gofundme.com/cd039a-all-stars-world-series	Sports	15
46	https://www.gofundme.com/mv-crew-boat-fund	Sports	15
47	https://www.gofundme.com/lsll-allstar-regional-fundraiser	Sports	15
48	https://www.gofundme.com/12uwildcatsrock	Sports	16
49	https://www.gofundme.com/wipnpolo	Sports	16
50	https://www.gofundme.com/claudiocorrearoadtothepga	Sports	16
51	https://www.gofundme.com/york-girls-are-allstar-strong	Sports	17
52	https://www.gofundme.com/denver-riptide-to-the-world-series	Sports	17
53	https://www.gofundme.com/craig-hocknull-pga-championship	Sports	17
54	https://www.gofundme.com/buying-the-superdrome	Sports	18
55	https://www.gofundme.com/women-for-rugby	Sports	18
56	https://www.gofundme.com/mt-olive-12u-girls-world-series	Sports	18
57	https://www.gofundme.com/hybs-12u-jr-hawks-all-stars	Sports	19
58	https://www.gofundme.com/2018-san-bernardino-cdall-12u-team	Sports	19
59	https://www.gofundme.com/3tbv4lk	Sports	19
60	https://www.gofundme.com/help56gettoworlds	Sports	20
61	https://www.gofundme.com/5ffxumw	Sports	20
62	https://www.gofundme.com/ashley-hill-usa	Sports	20
63	https://www.gofundme.com/vikingsuniformfund	Sports	21
64	https://www.gofundme.com/windham-910-softball-all-stars	Sports	21
65	https://www.gofundme.com/gainesville-area-rowing-nationals	Sports	21
66	https://www.gofundme.com/2018-us-junior-mens-double	Sports	22
67	https://www.gofundme.com/eastboise-10u-softball-world-series	Sports	22
68	https://www.gofundme.com/56z48zc	Sports	22
69	https://www.gofundme.com/petersburg-high-school-band	Sports	23
70	https://www.gofundme.com/2018-usa-u23-m4-to-world-champs	Sports	23
71	https://www.gofundme.com/dolphins-to-nyc	Sports	23
0	https://www.gofundme.com/masons-medcamps-mission	Travel	0
1	https://www.gofundme.com/eatlessplastic	Travel	0
2	https://www.gofundme.com/ayuda-nicaragua-sos-nicaragua	Travel	0
3	https://www.gofundme.com/lawrence-butler039s-funeral-expences	Travel	1
4	https://www.gofundme.com/mikeonblades	Travel	1
5	https://www.gofundme.com/youtu-be-yUznnkBKSMs	Travel	1
6	https://www.gofundme.com/support-vasilisa039s-adventure	Travel	2
7	https://www.gofundme.com/catchmein195	Travel	2
8	https://www.gofundme.com/support-queer-youth-rite-of-passage	Travel	2
9	https://www.gofundme.com/MirandasWish	Travel	3
10	https://www.gofundme.com/one-day-starts-today	Travel	3
11	https://www.gofundme.com/send-sheikh-abdurraheem-to-hajj	Travel	3
12	https://www.gofundme.com/blessing-strangers-along-the-way	Travel	4
13	https://www.gofundme.com/lets-send-makiko-and-les-to-paris	Travel	4
14	https://www.gofundme.com/ICARE-OF-MIAMI	Travel	4
15	https://www.gofundme.com/trip-for-coach-and-marcy	Travel	5
16	https://www.gofundme.com/joanielange	Travel	5
17	https://www.gofundme.com/kellys-field-hockey-of-dreams	Travel	5
18	https://www.gofundme.com/GivingbacktoTad	Travel	6
19	https://www.gofundme.com/post-chemo-getaway	Travel	6
20	https://www.gofundme.com/43fy7-help-me-to-my-dream-job	Travel	6
21	https://www.gofundme.com/not-filming-a-special	Travel	7
22	https://www.gofundme.com/EBForst	Travel	7
23	https://www.gofundme.com/honeymoonjaro	Travel	7
24	https://www.gofundme.com/4wheel-recovery-program	Travel	8
25	https://www.gofundme.com/5gxezc8	Travel	8
26	https://www.gofundme.com/mike-bikes-for-autism	Travel	8
27	https://www.gofundme.com/harbertson-adventure	Travel	9
28	https://www.gofundme.com/help-support-leola-leave-seattle	Travel	9
29	https://www.gofundme.com/forgetruck	Travel	9
30	https://www.gofundme.com/wespokeout	Travel	10
31	https://www.gofundme.com/sd-to-nyc-to-pct	Travel	10
32	https://www.gofundme.com/carla-peterson-bucket-list	Travel	10
33	https://www.gofundme.com/hawaii-while-i-can-still-walk	Travel	11
34	https://www.gofundme.com/SampsonShakespear	Travel	11
35	https://www.gofundme.com/btvmission	Travel	11
36	https://www.gofundme.com/moody-family-vacation	Travel	12
37	https://www.gofundme.com/singing-opportunity-of-a-lifetime	Travel	12
38	https://www.gofundme.com/save-rocking-js	Travel	12
39	https://www.gofundme.com/jessica-and-sean-go-to-paris	Travel	13
40	https://www.gofundme.com/kathyandkaydance	Travel	13
41	https://www.gofundme.com/shelby-amp-sherrie039s-europe-trip	Travel	13
42	https://www.gofundme.com/rythmia-scholarship-fund	Travel	14
43	https://www.gofundme.com/raceacrossthewest	Travel	14
44	https://www.gofundme.com/cxcrz-help-me-move	Travel	14
45	https://www.gofundme.com/MorganElliott	Travel	15
46	https://www.gofundme.com/funkynarwhal	Travel	15
47	https://www.gofundme.com/vroom-vroom-help	Travel	15
48	https://www.gofundme.com/let039s-send-picazo-to-machu-picchu	Travel	16
49	https://www.gofundme.com/On-a-Mission-to-Ethiopia	Travel	16
50	https://www.gofundme.com/leobardo-amezcua	Travel	16
51	https://www.gofundme.com/JeepBeachHoneymoon	Travel	17
52	https://www.gofundme.com/atacama-desert-crossing	Travel	17
53	https://www.gofundme.com/30-countries-in-30-days	Travel	17
54	https://www.gofundme.com/azxc3-kilimanjaro	Travel	18
55	https://www.gofundme.com/iroam	Travel	18
56	https://www.gofundme.com/mrs-carter039s-traveladventure-fund	Travel	18
57	https://www.gofundme.com/mercyandjo	Travel	19
58	https://www.gofundme.com/MissFisherPhiles	Travel	19
59	https://www.gofundme.com/5ii3ank	Travel	19
60	https://www.gofundme.com/send-rob-and-alisha-crebbin	Travel	20
61	https://www.gofundme.com/RecruitJacobBootCampGraduation	Travel	20
62	https://www.gofundme.com/ruthies-epic-40th-bday-adventure	Travel	20
63	https://www.gofundme.com/nude-beach-and-other-travel	Travel	21
64	https://www.gofundme.com/baseball-hall-of-fame-for-mickey	Travel	21
65	https://www.gofundme.com/metatrons	Travel	21
66	https://www.gofundme.com/annelie039s-trip-to-germany	Travel	22
67	https://www.gofundme.com/get-nathan-to-the-cannes-film-fest	Travel	22
68	https://www.gofundme.com/rythmia-mortgage-elimination	Travel	22
69	https://www.gofundme.com/j48r3j-trip-for-my-mom	Travel	23
70	https://www.gofundme.com/writers-award-trip	Travel	23
71	https://www.gofundme.com/casey039s-california-fund	Travel	23
0	https://www.gofundme.com/sowore2019	Volunteer	0
1	https://www.gofundme.com/lpfpd-ranch-fire-general-fund	Volunteer	0
2	https://www.gofundme.com/whateveretttakes	Volunteer	0
3	https://www.gofundme.com/pb-volunteer-alliance	Volunteer	1
4	https://www.gofundme.com/together-we-are-stronger-march	Volunteer	1
5	https://www.gofundme.com/6v67h-san-diego-immigrant-bond-campaign	Volunteer	1
6	https://www.gofundme.com/marchforourlivesphilly	Volunteer	2
7	https://www.gofundme.com/quotauntiequot-debra-davis	Volunteer	2
8	https://www.gofundme.com/save-triste039s-life	Volunteer	2
9	https://www.gofundme.com/holy-fire-first-responder-fund	Volunteer	3
10	https://www.gofundme.com/music-is-medicine-tour	Volunteer	3
11	https://www.gofundme.com/houses-for-homes-guatemala-2018	Volunteer	3
12	https://www.gofundme.com/TCstudentbusrally	Volunteer	4
13	https://www.gofundme.com/59ko09c	Volunteer	4
14	https://www.gofundme.com/parkinglotcart	Volunteer	4
15	https://www.gofundme.com/students-for-action-dc-march	Volunteer	5
16	https://www.gofundme.com/help-our-bikur-cholim-friends	Volunteer	5
17	https://www.gofundme.com/j98zu-help-drew	Volunteer	5
18	https://www.gofundme.com/MadelaYogaProjecTranscends	Volunteer	6
19	https://www.gofundme.com/occupylafayette-reinforcements	Volunteer	6
20	https://www.gofundme.com/ay6eb9-dental-mission-trip-to-guyana	Volunteer	6
21	https://www.gofundme.com/marchfolchi	Volunteer	7
22	https://www.gofundme.com/muay-thai-for-at-risk-youth	Volunteer	7
23	https://www.gofundme.com/cassidyrohingya	Volunteer	7
24	https://www.gofundme.com/gcmhp-immigration-lawyers-to-the-border	Volunteer	8
25	https://www.gofundme.com/immigrant-family-reunification	Volunteer	8
26	https://www.gofundme.com/c22gr-mission-trip-to-peru	Volunteer	8
27	https://www.gofundme.com/Fallennotforgotten	Volunteer	9
28	https://www.gofundme.com/women-help-immigrants-in-detention	Volunteer	9
29	https://www.gofundme.com/remember727	Volunteer	9
30	https://www.gofundme.com/5n7qgbs	Volunteer	10
31	https://www.gofundme.com/dp-meyer-nya-phi-kappa-psi-portrait	Volunteer	10
32	https://www.gofundme.com/thailand-orphanage-build-2018	Volunteer	10
33	https://www.gofundme.com/hannah-the-immigration-lawyer	Volunteer	11
34	https://www.gofundme.com/HelpGrahamUnderstand	Volunteer	11
35	https://www.gofundme.com/marchforourliveslouisville	Volunteer	11
36	https://www.gofundme.com/moms-and-children-in-ice-prisons	Volunteer	12
37	https://www.gofundme.com/soblessings	Volunteer	12
38	https://www.gofundme.com/eyes-ears-hands-heart	Volunteer	12
39	https://www.gofundme.com/keep-families-together-rally	Volunteer	13
40	https://www.gofundme.com/find-maura-murray	Volunteer	13
41	https://www.gofundme.com/lombok-restore-and-repair	Volunteer	13
42	https://www.gofundme.com/5q8yxwo	Volunteer	14
43	https://www.gofundme.com/fund-legal-volunteers-on-the-border	Volunteer	14
44	https://www.gofundme.com/art-and-small-business-in-hanalei	Volunteer	14
45	https://www.gofundme.com/pediatric-dental-mission-trip2018	Volunteer	15
46	https://www.gofundme.com/our-volunteer-trip-to-armenia	Volunteer	15
47	https://www.gofundme.com/assist-detained-children-in-texas	Volunteer	15
48	https://www.gofundme.com/lions-for-haiti	Volunteer	16
49	https://www.gofundme.com/htxrv-trying-to-survive	Volunteer	16
50	https://www.gofundme.com/get-humble-heroes-to-st-jude039s	Volunteer	16
51	https://www.gofundme.com/5gicxrk	Volunteer	17
52	https://www.gofundme.com/vote-for-our-lives-redwood-city	Volunteer	17
53	https://www.gofundme.com/DRschoolbackpacks	Volunteer	17
54	https://www.gofundme.com/aid-4-refugees-feed-clothe-heal	Volunteer	18
55	https://www.gofundme.com/people-assisting-the-homeless	Volunteer	18
56	https://www.gofundme.com/fire-fighter-lost-her-home	Volunteer	18
57	https://www.gofundme.com/fccservicetrip	Volunteer	19
58	https://www.gofundme.com/chloe-ghana	Volunteer	19
59	https://www.gofundme.com/detained-children-volunteer-lawyers	Volunteer	19
60	https://www.gofundme.com/ae4fh-to-yota-in-south-africa	Volunteer	20
61	https://www.gofundme.com/bysr8-mission-tanzania	Volunteer	20
62	https://www.gofundme.com/The-PR-Gap-Shelter	Volunteer	20
63	https://www.gofundme.com/2018-scycboom	Volunteer	21
64	https://www.gofundme.com/libbyfosterclub	Volunteer	21
65	https://www.gofundme.com/ozanam-puerto-rico-relief-drive	Volunteer	21
66	https://www.gofundme.com/maui-photographers-for-kaua039i	Volunteer	22
67	https://www.gofundme.com/scott-county-k9-fund	Volunteer	22
68	https://www.gofundme.com/ayudh2018	Volunteer	22
69	https://www.gofundme.com/the-run-for-their-lives	Volunteer	23
70	https://www.gofundme.com/5pkoibs	Volunteer	23
71	https://www.gofundme.com/volunteer-to-help-gorillas-in-gabon	Volunteer	23
0	https://www.gofundme.com/send-jordan-from-rouses-to-school	Wishes	0
1	https://www.gofundme.com/colinsjoyproject	Wishes	0
2	https://www.gofundme.com/helping-regina039s-children	Wishes	0
3	https://www.gofundme.com/give-kevin-a-chance-at-life	Wishes	1
4	https://www.gofundme.com/sanctuaryhmc	Wishes	1
5	https://www.gofundme.com/bennetts-park	Wishes	1
6	https://www.gofundme.com/dreams-for-donavyn	Wishes	2
7	https://www.gofundme.com/jacobswishes	Wishes	2
8	https://www.gofundme.com/seamus-wood-scholarship	Wishes	2
9	https://www.gofundme.com/sweet-piper-ganey	Wishes	3
10	https://www.gofundme.com/e75ga-greater	Wishes	3
11	https://www.gofundme.com/Cassion-Education-Fund	Wishes	3
12	https://www.gofundme.com/celebratingkeaton	Wishes	4
13	https://www.gofundme.com/luz-itzel-gonzalez	Wishes	4
14	https://www.gofundme.com/eric-s-jackson-children039s-fund	Wishes	4
15	https://www.gofundme.com/georgia-maes-support-fund	Wishes	5
16	https://www.gofundme.com/giagunn	Wishes	5
17	https://www.gofundme.com/justicefornoura-and-child-brides	Wishes	5
18	https://www.gofundme.com/clay-woolsey	Wishes	6
19	https://www.gofundme.com/help-ann-maria-get-some-wheels	Wishes	6
20	https://www.gofundme.com/gracesurfingdream	Wishes	6
21	https://www.gofundme.com/cheryl039s-dream	Wishes	7
22	https://www.gofundme.com/remembering-nyc-cabbie-kenny-chow	Wishes	7
23	https://www.gofundme.com/QuinceyUpshaw	Wishes	7
24	https://www.gofundme.com/gaston-gruene-cavender-scholarship	Wishes	8
25	https://www.gofundme.com/2t8b9y-college	Wishes	8
26	https://www.gofundme.com/kraigswheels	Wishes	8
27	https://www.gofundme.com/in-memory-of-chava-ortiz-jr	Wishes	9
28	https://www.gofundme.com/f7ntg-connaughton-family-angel-fund	Wishes	9
29	https://www.gofundme.com/kk-foundation	Wishes	9
30	https://www.gofundme.com/489wt-justiniano-family-fund	Wishes	10
31	https://www.gofundme.com/6893v-help-us-make-this-house-a-home	Wishes	10
32	https://www.gofundme.com/lee039s-wish	Wishes	10
33	https://www.gofundme.com/ferrante-family	Wishes	11
34	https://www.gofundme.com/588232g	Wishes	11
35	https://www.gofundme.com/gavin-morales	Wishes	11
36	https://www.gofundme.com/earlybird-entry-for-iditarod-race	Wishes	12
37	https://www.gofundme.com/emma-thistle-for-hopes-amp-dreams	Wishes	12
38	https://www.gofundme.com/wyatt039s-the-man	Wishes	12
39	https://www.gofundme.com/experiences-for-camila	Wishes	13
40	https://www.gofundme.com/owen-robert-lindner-trust-fund	Wishes	13
41	https://www.gofundme.com/ivfgrantohonorpatty	Wishes	13
42	https://www.gofundme.com/ricardoscollegefootballdream	Wishes	14
43	https://www.gofundme.com/bill-ulbricht039s-family-college-fund	Wishes	14
44	https://www.gofundme.com/fncjgj-wishes-come-true	Wishes	14
45	https://www.gofundme.com/in-loving-memory-of-andy-hass	Wishes	15
46	https://www.gofundme.com/negecad-hope-lodge-give-back	Wishes	15
47	https://www.gofundme.com/love-for-the-smith-family	Wishes	15
48	https://www.gofundme.com/megan039s-cancer-wish-fund	Wishes	16
49	https://www.gofundme.com/juanreyessanchez	Wishes	16
50	https://www.gofundme.com/naosvillageofangels	Wishes	16
51	https://www.gofundme.com/mom039s-startup-businessclaudia-q	Wishes	17
52	https://www.gofundme.com/58po9fk	Wishes	17
53	https://www.gofundme.com/5hd5ubs	Wishes	17
54	https://www.gofundme.com/where-wishes-come-true	Wishes	18
55	https://www.gofundme.com/a-wrinkle-in-time-4-flint-kids	Wishes	18
56	https://www.gofundme.com/rajsjourney	Wishes	18
57	https://www.gofundme.com/send-the-sanchez-family-to-hawaii	Wishes	19
58	https://www.gofundme.com/buffalo-grove-family-pride-2019	Wishes	19
59	https://www.gofundme.com/papasford	Wishes	19
60	https://www.gofundme.com/jakes-brighter-future-fund	Wishes	20
61	https://www.gofundme.com/33tt8a-operation-get-pete-a-boat	Wishes	20
62	https://www.gofundme.com/in-memory-of-sami-ajaj	Wishes	20
63	https://www.gofundme.com/mom-in-need-of-a-sanctuary	Wishes	21
64	https://www.gofundme.com/one-handed-moto-rider	Wishes	21
65	https://www.gofundme.com/help-my-daddy-come-back-home	Wishes	21
66	https://www.gofundme.com/joexrideacrossamerica	Wishes	22
67	https://www.gofundme.com/help-send-michelle-to-israel	Wishes	22
68	https://www.gofundme.com/support-alvins-family	Wishes	22
69	https://www.gofundme.com/nuclear-medicine-tech-program	Wishes	23
70	https://www.gofundme.com/girls-junior-nationals-championship	Wishes	23
71	https://www.gofundme.com/home-for-mom-with-disabled-kids	Wishes	23
